#,Title,Artist,Album,Duration
1,It Ain't The Meat,VARIOUS ARTISTS,Risque Blues - It Ain't The Meat,02:37
2,Shake That Thing,VARIOUS ARTISTS,Risque Blues - It Ain't The Meat,02:16
3,Salty Dog,VARIOUS ARTISTS,Risque Blues - It Ain't The Meat,02:36
4,Wasn't That Good,VARIOUS ARTISTS,Risque Blues - It Ain't The Meat,02:29
5,"Ride, Daddy, Ride",VARIOUS ARTISTS,Risque Blues - It Ain't The Meat,02:10
6,The Walkin' Blues,VARIOUS ARTISTS,Risque Blues - It Ain't The Meat,02:56
7,"Roll, Roll, Pretty Baby",VARIOUS ARTISTS,Risque Blues - It Ain't The Meat,02:50
8,I Knew He Would,VARIOUS ARTISTS,Risque Blues - It Ain't The Meat,02:47
9,Your Love Keeps A Working On Me,VARIOUS ARTISTS,Risque Blues - It Ain't The Meat,02:59
10,Think,VARIOUS ARTISTS,Risque Blues - It Ain't The Meat,02:36
11,Sick And Tired (Remastered),Dave Bartholomew,The Big Beat Of Dave Bartholomew: 20 Milestone Dave Bartholomew Productions 1949-1960,02:32
12,The Monkey (Remastered),Dave Bartholomew,The Big Beat Of Dave Bartholomew: 20 Milestone Dave Bartholomew Productions 1949-1960,02:30
13,Blue Monday (Remastered),Dave Bartholomew,The Big Beat Of Dave Bartholomew: 20 Milestone Dave Bartholomew Productions 1949-1960,02:43
14,Four Winds (Remastered),Dave Bartholomew,The Big Beat Of Dave Bartholomew: 20 Milestone Dave Bartholomew Productions 1949-1960,02:23
15,I'm Gonna Be A Wheel Someday (Remastered),Dave Bartholomew,The Big Beat Of Dave Bartholomew: 20 Milestone Dave Bartholomew Productions 1949-1960,02:28
16,Country Boy Goes Home (Remastered),Dave Bartholomew,The Big Beat Of Dave Bartholomew: 20 Milestone Dave Bartholomew Productions 1949-1960,02:40
17,I Hear You Knocking (Remastered 2002),Dave Bartholomew,The Big Beat Of Dave Bartholomew: 20 Milestone Dave Bartholomew Productions 1949-1960,01:53
18,Shrimp And Gumbo (Remastered),Dave Bartholomew,The Big Beat Of Dave Bartholomew: 20 Milestone Dave Bartholomew Productions 1949-1960,02:07
19,Toy Bell (Remastered),Dave Bartholomew,The Big Beat Of Dave Bartholomew: 20 Milestone Dave Bartholomew Productions 1949-1960,02:23
20,Witchcraft (2002 Remastered),Dave Bartholomew,The Big Beat Of Dave Bartholomew: 20 Milestone Dave Bartholomew Productions 1949-1960,02:36
21,I'm Gone (Remastered),Dave Bartholomew,The Big Beat Of Dave Bartholomew: 20 Milestone Dave Bartholomew Productions 1949-1960,02:18
22,Would You (Remastered),Dave Bartholomew,The Big Beat Of Dave Bartholomew: 20 Milestone Dave Bartholomew Productions 1949-1960,02:16
23,3 X 7 = 21 (Remastered),Dave Bartholomew,The Big Beat Of Dave Bartholomew: 20 Milestone Dave Bartholomew Productions 1949-1960,02:36
24,Someday (Remastered),Dave Bartholomew,The Big Beat Of Dave Bartholomew: 20 Milestone Dave Bartholomew Productions 1949-1960,02:13
25,Great Big Eyes (Those Little Reds) (Remastered),Dave Bartholomew,The Big Beat Of Dave Bartholomew: 20 Milestone Dave Bartholomew Productions 1949-1960,02:32
26,That's How You Got Killed Before (Remastered 2002),Dave Bartholomew,The Big Beat Of Dave Bartholomew: 20 Milestone Dave Bartholomew Productions 1949-1960,02:33
27,One Night (Remastered),Dave Bartholomew,The Big Beat Of Dave Bartholomew: 20 Milestone Dave Bartholomew Productions 1949-1960,02:28
28,Who Drank My Beer While I Was In The Rear (Remastered),Dave Bartholomew,The Big Beat Of Dave Bartholomew: 20 Milestone Dave Bartholomew Productions 1949-1960,02:51
29,Shrewsbury Blues (Remastered),Dave Bartholomew,The Big Beat Of Dave Bartholomew: 20 Milestone Dave Bartholomew Productions 1949-1960,03:04
30,Country Gal (Remastered),Dave Bartholomew,The Big Beat Of Dave Bartholomew: 20 Milestone Dave Bartholomew Productions 1949-1960,02:24
31,Watch My Signals,VARIOUS ARTISTS,"Dont Mess With Me, Baby!",01:58
32,She Walked Right In,VARIOUS ARTISTS,"Dont Mess With Me, Baby!",02:32
33,Keep A Knockin',VARIOUS ARTISTS,"Dont Mess With Me, Baby!",02:08
34,Who's Lovin' You,VARIOUS ARTISTS,"Dont Mess With Me, Baby!",02:49
35,Women & Cadillacs,VARIOUS ARTISTS,"Dont Mess With Me, Baby!",02:51
36,Don't Talk Back,VARIOUS ARTISTS,"Dont Mess With Me, Baby!",02:09
37,Young Girls,VARIOUS ARTISTS,"Dont Mess With Me, Baby!",01:56
38,Mr. Hot Shot,VARIOUS ARTISTS,"Dont Mess With Me, Baby!",02:32
39,Leave My Kitten Alone,VARIOUS ARTISTS,"Dont Mess With Me, Baby!",02:32
40,Come Back Baby,VARIOUS ARTISTS,"Dont Mess With Me, Baby!",02:15
41,Take It Easy,VARIOUS ARTISTS,"Dont Mess With Me, Baby!",02:32
42,Stumbling Block,VARIOUS ARTISTS,"Dont Mess With Me, Baby!",03:01
43,Hurry Hurry,VARIOUS ARTISTS,"Dont Mess With Me, Baby!",02:39
44,Look What You've Done To Me,VARIOUS ARTISTS,"Dont Mess With Me, Baby!",02:07
45,Betwix And Between,VARIOUS ARTISTS,"Dont Mess With Me, Baby!",02:34
46,I'm Tired,VARIOUS ARTISTS,"Dont Mess With Me, Baby!",02:13
47,My Baby Left Me,VARIOUS ARTISTS,"Dont Mess With Me, Baby!",02:17
48,Sweet Pea,VARIOUS ARTISTS,"Dont Mess With Me, Baby!",02:22
49,I'm Getting Hip,VARIOUS ARTISTS,"Dont Mess With Me, Baby!",02:06
50,What's Wrong,VARIOUS ARTISTS,"Dont Mess With Me, Baby!",02:44
51,You Gotta Help Me Some,VARIOUS ARTISTS,"Dont Mess With Me, Baby!",02:37
52,Tore Up,VARIOUS ARTISTS,"Dont Mess With Me, Baby!",02:10
53,Don't Stay Out All Night,VARIOUS ARTISTS,"Dont Mess With Me, Baby!",02:23
54,You Ain't Goin' Nowhere,VARIOUS ARTISTS,"Dont Mess With Me, Baby!",02:14
55,What's Gwyne On,VARIOUS ARTISTS,"Dont Mess With Me, Baby!",02:23
56,Straighten Up Baby,VARIOUS ARTISTS,"Dont Mess With Me, Baby!",02:32
57,I woke Up This Morning,VARIOUS ARTISTS,"Dont Mess With Me, Baby!",02:04
58,Bring My Cadillac Back,VARIOUS ARTISTS,"Dont Mess With Me, Baby!",02:25
59,A Little You,VARIOUS ARTISTS,"Rock and Roll Vixens, Vol. 2",02:15
60,Shtiggy Boom,VARIOUS ARTISTS,"Rock and Roll Vixens, Vol. 2",02:22
61,The Sound of My Man,VARIOUS ARTISTS,"Rock and Roll Vixens, Vol. 2",02:38
62,Knock Knock,VARIOUS ARTISTS,"Rock and Roll Vixens, Vol. 2",02:13
63,Bob o Link,VARIOUS ARTISTS,"Rock and Roll Vixens, Vol. 2",02:39
64,Shortnin Bread Rock,VARIOUS ARTISTS,"Rock and Roll Vixens, Vol. 2",02:35
65,A Rockin' Good Way,VARIOUS ARTISTS,"Rock and Roll Vixens, Vol. 2",02:14
66,Medicine Man,VARIOUS ARTISTS,"Rock and Roll Vixens, Vol. 2",02:21
67,Every Night in the Week,VARIOUS ARTISTS,"Rock and Roll Vixens, Vol. 2",02:37
68,Don't Knock It,VARIOUS ARTISTS,"Rock and Roll Vixens, Vol. 2",02:18
69,Zig Zag,VARIOUS ARTISTS,"Rock and Roll Vixens, Vol. 2",01:54
70,22 Minutes,VARIOUS ARTISTS,"Rock and Roll Vixens, Vol. 2",02:22
71,Don't Mess with My Man,VARIOUS ARTISTS,"Rock and Roll Vixens, Vol. 2",02:17
72,Oh Yes,VARIOUS ARTISTS,"Rock and Roll Vixens, Vol. 2",02:15
73,Prove You Love Me Baby,VARIOUS ARTISTS,"Rock and Roll Vixens, Vol. 2",02:13
74,Real Fine Daddy,VARIOUS ARTISTS,"Rock and Roll Vixens, Vol. 2",02:19
75,I Feel so Low,VARIOUS ARTISTS,"Rock and Roll Vixens, Vol. 2",02:18
76,Don't Shout at Me Daddy,VARIOUS ARTISTS,"Rock and Roll Vixens, Vol. 2",02:19
77,I'm Gonna Be a Fool Next Monday,VARIOUS ARTISTS,"Rock and Roll Vixens, Vol. 2",02:01
78,Don't Take Your Love,VARIOUS ARTISTS,"Rock and Roll Vixens, Vol. 2",02:21
79,Headin' Home,VARIOUS ARTISTS,"Rock and Roll Vixens, Vol. 2",02:21
80,Who Walks in When I Walk Out,VARIOUS ARTISTS,"Rock and Roll Vixens, Vol. 2",02:21
81,In the Dark,Johnny Otis,Lonely River,02:09
82,It's Too Soon to Know,Johnny Otis,Lonely River,02:16
83,The Midnite Creeper,Johnny Otis,Lonely River,02:54
84,Hey Hey Hey Hey,Johnny Otis,Lonely River,02:54
85,A Story Untold,Johnny Otis,Lonely River,01:59
86,Hum Ding A Ling,Johnny Otis,Lonely River,01:53
87,"Shake it, Lucy Baby",Johnny Otis,Lonely River,05:17
88,Sh-Boom,Johnny Otis,Lonely River,02:23
89,One Mint Julep,Johnny Otis,Lonely River,02:19
90,Lonely River,Johnny Otis,Lonely River,02:23
91,Long Tall Sally,Johnny Otis,Lonely River,01:52
92,Theme and Goody Golly,Johnny Otis,Lonely River,02:38
93,Gee,Johnny Otis,Lonely River,01:59
94,Livin' in Misery,Johnny Otis,Lonely River,02:36
95,Please Don't Leave Me,Johnny Otis,Lonely River,02:26
96,Sincerely,Johnny Otis,Lonely River,03:07
97,Stay with Me,Johnny Otis,Lonely River,02:11
98,Only You,Johnny Otis,Lonely River,02:32
99,Honey Love,Johnny Otis,Lonely River,02:21
100,Loop De Loop,Johnny Otis,Lonely River,02:05
101,Earth Angel,Johnny Otis,Lonely River,02:58
102,Can't You Hear Me Callin',Johnny Otis,Lonely River,02:31
103,At My Front Door,Johnny Otis,Lonely River,02:30
104,He' Makin' Eyes at Me,Johnny Otis,Lonely River,02:26
105,The Fat Man,Fats Domino,Greatest Hits: Walking To New Orleans,02:37
106,Goin' Home (Remastered 2002),Fats Domino,Greatest Hits: Walking To New Orleans,02:12
107,Going To The River (Remastered 2002),Fats Domino,Greatest Hits: Walking To New Orleans,02:34
108,Please Don't Leave Me (Remastered 2002),Fats Domino,Greatest Hits: Walking To New Orleans,02:39
109,Something's Wrong (2002 Digital Remaster),Fats Domino,Greatest Hits: Walking To New Orleans,02:42
110,Ain't That A Shame? (Remastered 2002),Fats Domino,Greatest Hits: Walking To New Orleans,02:30
111,All By Myself (2002 Digital Remaster),Fats Domino,Greatest Hits: Walking To New Orleans,02:24
112,Poor Me (Remastered 2002),Fats Domino,Greatest Hits: Walking To New Orleans,02:20
113,I Can't Go On (Rosalie),Fats Domino,Greatest Hits: Walking To New Orleans,02:11
114,Bo Weevil (2002 Digital Remaster),Fats Domino,Greatest Hits: Walking To New Orleans,02:06
115,Don't Blame It On Me (2002 Digital Remaster),Fats Domino,Greatest Hits: Walking To New Orleans,02:43
116,I'm In Love Again,Fats Domino,Greatest Hits: Walking To New Orleans,01:57
117,My Blue Heaven (Remastered 2002),Fats Domino,Greatest Hits: Walking To New Orleans,02:08
118,When My Dreamboat Comes Home (Remastered 2002),Fats Domino,Greatest Hits: Walking To New Orleans,02:19
119,So Long,Fats Domino,Greatest Hits: Walking To New Orleans,02:12
120,Blueberry Hill (Remastered 2002),Fats Domino,Greatest Hits: Walking To New Orleans,02:23
121,Honey Chile (2002 Digital Remaster),Fats Domino,Greatest Hits: Walking To New Orleans,01:49
122,Blue Monday (Remastered 2002),Fats Domino,Greatest Hits: Walking To New Orleans,02:19
123,I'm Walkin' (Remastered),Fats Domino,Greatest Hits: Walking To New Orleans,02:08
124,It's You I Love (2002 Digital Remaster),Fats Domino,Greatest Hits: Walking To New Orleans,02:03
125,Valley Of Tears (Remastered 2002),Fats Domino,Greatest Hits: Walking To New Orleans,01:52
126,Wait And See (Remastered 2002),Fats Domino,Greatest Hits: Walking To New Orleans,01:58
127,Whole Lotta Loving (Remastered 2002),Fats Domino,Greatest Hits: Walking To New Orleans,01:39
128,I'm Ready (Remastered),Fats Domino,Greatest Hits: Walking To New Orleans,02:05
129,I Want To Walk You Home (Remastered),Fats Domino,Greatest Hits: Walking To New Orleans,02:21
130,I'm Gonna Be A Wheel Someday (Remastered),Fats Domino,Greatest Hits: Walking To New Orleans,02:03
131,Be My Guest,Fats Domino,Greatest Hits: Walking To New Orleans,02:17
132,Walking To New Orleans (Remastered),Fats Domino,Greatest Hits: Walking To New Orleans,02:01
133,My Girl Josephine (AKA Hello Josephine),Fats Domino,Greatest Hits: Walking To New Orleans,02:07
134,Let The Four Winds Blow (Remastered 2002),Fats Domino,Greatest Hits: Walking To New Orleans,02:20
135,Mama Don't Want What Papa Don't Want,Varetta Dillard,Presenting Varetta Dillard,02:10
136,Them There Eyes,Varetta Dillard,Presenting Varetta Dillard,02:18
137,Mercy Mr Percy,Varetta Dillard,Presenting Varetta Dillard,02:49
138,That's Why I Cry,Varetta Dillard,Presenting Varetta Dillard,02:36
139,Just Multiply,Varetta Dillard,Presenting Varetta Dillard,02:27
140,Good Gravy Baby,Varetta Dillard,Presenting Varetta Dillard,02:36
141,Scorched,Varetta Dillard,Presenting Varetta Dillard,02:42
142,(That's the Way) My Mind Is Working,Varetta Dillard,Presenting Varetta Dillard,02:16
143,I Can't Help Myself,Varetta Dillard,Presenting Varetta Dillard,02:36
144,Send Me Some Money,Varetta Dillard,Presenting Varetta Dillard,02:26
145,Star of Fortune,Varetta Dillard,Presenting Varetta Dillard,02:08
146,Pennies from Heaven,Varetta Dillard,Presenting Varetta Dillard,02:26
147,Positive Love,Varetta Dillard,Presenting Varetta Dillard,02:17
148,I Miss You Jimmy,Varetta Dillard,Presenting Varetta Dillard,02:30
149,"No Kinda Good, No How",Varetta Dillard,Presenting Varetta Dillard,03:04
150,Whole Lot of Lip,Varetta Dillard,Presenting Varetta Dillard,02:11
151,I'm Gonna Tell My Daddy on You,Varetta Dillard,Presenting Varetta Dillard,02:31
152,Honey,Varetta Dillard,Presenting Varetta Dillard,02:19
153,Leave a Happy Fool Alone,Varetta Dillard,Presenting Varetta Dillard,02:29
154,I Can't Help Myself (Alternate Take),Varetta Dillard,Presenting Varetta Dillard,02:35
155,Got You on My Mind,Varetta Dillard,Presenting Varetta Dillard,02:38
156,I Don't Know What It Is but I Like It,Varetta Dillard,Presenting Varetta Dillard,02:32
157,One More Time,Varetta Dillard,Presenting Varetta Dillard,02:30
158,I Cried and Cried,Varetta Dillard,Presenting Varetta Dillard,03:12
159,Pray for Me Mother,Varetta Dillard,Presenting Varetta Dillard,02:10
160,I Can't Stop Now,Varetta Dillard,Presenting Varetta Dillard,02:11
161,Rules of Love,Varetta Dillard,Presenting Varetta Dillard,02:19
162,See See Rider Blues,Varetta Dillard,Presenting Varetta Dillard,02:28
163,I Got a Lot of Love,Varetta Dillard,Presenting Varetta Dillard,02:39
164,Old Fashioned,Varetta Dillard,Presenting Varetta Dillard,02:29
165,The Square Dance Rock,Varetta Dillard,Presenting Varetta Dillard,02:37
166,"What Can I Say, Dear?",Varetta Dillard,Presenting Varetta Dillard,02:44
167,Time Was,Varetta Dillard,Presenting Varetta Dillard,02:28
168,Hurry Up,Varetta Dillard,Presenting Varetta Dillard,03:02
169,Teaser,Varetta Dillard,Presenting Varetta Dillard,02:02
170,I Ain't Gonna Tell,Varetta Dillard,Presenting Varetta Dillard,02:06
171,What'll I Do,Varetta Dillard,Presenting Varetta Dillard,02:16
172,Hey Sweet Love,Varetta Dillard,Presenting Varetta Dillard,02:56
173,That Old Feeling,Varetta Dillard,Presenting Varetta Dillard,02:36
174,Undecided,Varetta Dillard,Presenting Varetta Dillard,02:27
175,The Rules of Love,Varetta Dillard,Presenting Varetta Dillard,02:25
176,Double Crossing Daddy,Varetta Dillard,Presenting Varetta Dillard,02:53
177,If You Want to Be My Baby,Varetta Dillard,Presenting Varetta Dillard,02:17
178,So Many Ways,Varetta Dillard,Presenting Varetta Dillard,02:46
179,The Night Is Never Long Enough,Varetta Dillard,Presenting Varetta Dillard,02:17
180,Skinny Jimmy,Varetta Dillard,Presenting Varetta Dillard,02:35
181,Good to Me,Varetta Dillard,Presenting Varetta Dillard,02:19
182,A Little Bitty Tear,Varetta Dillard,Presenting Varetta Dillard,02:06
183,Getting Ready for My Daddy,Varetta Dillard,Presenting Varetta Dillard,02:25
184,Mercy Mr Percy (Re-recording),Varetta Dillard,Presenting Varetta Dillard,02:07
185,Cherry Blossom,Varetta Dillard,Presenting Varetta Dillard,02:50
186,Give Me the Right,Varetta Dillard,Presenting Varetta Dillard,02:33
187,"Darling, Listen to the Words of This Song",Varetta Dillard,Presenting Varetta Dillard,02:54
188,Falling,Varetta Dillard,Presenting Varetta Dillard,02:26
189,You Ain't Foolin' Nobody,Varetta Dillard,Presenting Varetta Dillard,02:28
190,Wondering Where You Are,Varetta Dillard,Presenting Varetta Dillard,02:15
191,You Know I'm Too Good for You,Varetta Dillard,Presenting Varetta Dillard,02:28
192,Love That Man,Varetta Dillard,Presenting Varetta Dillard,02:42
193,(Twee Twee Twee) The Lovin' Bird,Varetta Dillard,Presenting Varetta Dillard,02:49
194,You Better Come Home,Varetta Dillard,Presenting Varetta Dillard,02:35
195,You Don't Know What You're Missing,Varetta Dillard,Presenting Varetta Dillard,02:16
196,One More Time (Alternate Take),Varetta Dillard,Presenting Varetta Dillard,02:24
197,That's Why I Cry (Alternate Take),Varetta Dillard,Presenting Varetta Dillard,02:32
198,"Mercy, Mr Percy (Alternate Take)",Varetta Dillard,Presenting Varetta Dillard,02:07
199,You Ain't Foolin' Nobody (Alternate Take),Varetta Dillard,Presenting Varetta Dillard,02:37
200,Passing On the Screen,Club Des Belugas,Zoo Zizaro,04:29
201,Wild Is My Love,Club Des Belugas,Zoo Zizaro,04:35
202,Human Loss and Gain (Club Des Belugas Remix),Club Des Belugas,Zoo Zizaro,05:42
203,Clyde Beluga,Club Des Belugas,Zoo Zizaro,04:03
204,Wigwag,Club Des Belugas,Zoo Zizaro,03:52
205,Floating On Air,Club Des Belugas,Zoo Zizaro,03:47
206,Un Grao de Areia,Club Des Belugas,Zoo Zizaro,04:57
207,Back to My Room,Club Des Belugas,Zoo Zizaro,04:46
208,My Hunger Hurts,Club Des Belugas,Zoo Zizaro,04:32
209,Airmail Special (Club Des Belugas Remix),Club Des Belugas,Zoo Zizaro,04:41
210,Something Big and Endless,Club Des Belugas,Zoo Zizaro,03:49
211,Habana Twist,Club Des Belugas,Zoo Zizaro,03:58
212,Zoo Zizaro,Club Des Belugas,Zoo Zizaro,04:24
213,Too Late,Club Des Belugas,Zoo Zizaro,04:26
214,Jungle Flower (Club Des Belugas Remix),Club Des Belugas,Zoo Zizaro,03:50
215,Pain Is Temporary,Club Des Belugas,Zoo Zizaro,04:41
216,Ojai,Various artists,Jukebox Mambo,04:07
217,Fool Burro,Various artists,Jukebox Mambo,02:48
218,Voodoo,Various artists,Jukebox Mambo,02:37
219,Louisiana,Various artists,Jukebox Mambo,02:06
220,Down in the Bottom,Various artists,Jukebox Mambo,02:21
221,Shrimp & Gumbo,Various artists,Jukebox Mambo,02:00
222,My Isabella,Various artists,Jukebox Mambo,02:52
223,Salty Dog,Various artists,Jukebox Mambo,02:07
224,Big Joe Mambo,Various artists,Jukebox Mambo,02:25
225,Mambo Mexicana,Various artists,Jukebox Mambo,04:16
226,Snake Charmer,Various artists,Jukebox Mambo,02:28
227,Los Chucos Suaves,Various artists,Jukebox Mambo,03:04
228,Boppin' With the Mambo,Various artists,Jukebox Mambo,02:33
229,Honeydripper Mambo,Various artists,Jukebox Mambo,01:55
230,Take a Chance On Me,Various artists,Jukebox Mambo,02:27
231,I Need a Man,Various artists,Jukebox Mambo,02:18
232,A Dream,Various artists,Jukebox Mambo,03:25
233,The Hammer,Various artists,Jukebox Mambo,02:20
234,Pu-Chun-Ga,Various artists,Jukebox Mambo,02:08
235,Cozy & Bossa,Various artists,Jukebox Mambo,02:33
236,Shrinking Up Fast,Various artists,Jukebox Mambo,02:46
237,Why Don't You Do Right,Various artists,Jukebox Mambo,02:36
238,Street People,Bobby Charles,Bobby Charles [w/ Bonus Tracks],03:44
239,Long Face,Bobby Charles,Bobby Charles [w/ Bonus Tracks],03:38
240,I Must Be in a Good Place Now,Bobby Charles,Bobby Charles [w/ Bonus Tracks],04:07
241,Save Me Jesus,Bobby Charles,Bobby Charles [w/ Bonus Tracks],05:17
242,All the Money,Bobby Charles,Bobby Charles [w/ Bonus Tracks],05:17
243,Small Town Talk,Bobby Charles,Bobby Charles [w/ Bonus Tracks],03:29
244,Let Yourself Go,Bobby Charles,Bobby Charles [w/ Bonus Tracks],04:13
245,Grow Too Old,Bobby Charles,Bobby Charles [w/ Bonus Tracks],04:02
246,I'm That Way,Bobby Charles,Bobby Charles [w/ Bonus Tracks],04:04
247,Tennessee Blues,Bobby Charles,Bobby Charles [w/ Bonus Tracks],05:29
248,Small Town Talk (Single Version),Bobby Charles,Bobby Charles [w/ Bonus Tracks],03:26
249,Homemade Songs,Bobby Charles,Bobby Charles [w/ Bonus Tracks],03:41
250,10/10,Paolo Nutini,Sunny Side Up,02:56
251,Coming Up Easy,Paolo Nutini,Sunny Side Up,04:18
252,Growing Up Beside You,Paolo Nutini,Sunny Side Up,03:23
253,Candy,Paolo Nutini,Sunny Side Up,04:58
254,Tricks Of The Trade,Paolo Nutini,Sunny Side Up,02:32
255,Pencil Full Of Lead,Paolo Nutini,Sunny Side Up,02:26
256,No Other Way,Paolo Nutini,Sunny Side Up,04:25
257,High Hopes,Paolo Nutini,Sunny Side Up,02:56
258,Chamber Music,Paolo Nutini,Sunny Side Up,02:27
259,Simple Things,Paolo Nutini,Sunny Side Up,02:33
260,Worried Man,Paolo Nutini,Sunny Side Up,03:01
261,Keep Rolling,Paolo Nutini,Sunny Side Up,02:34
262,Scuba Diver,Louis Prima,Lake Tahoe Prima Style,02:59
263,I Want You To Be My Baby,Louis Prima,Lake Tahoe Prima Style,02:11
264,Shadrack,Louis Prima,Lake Tahoe Prima Style,02:45
265,The Next Time,Louis Prima,Lake Tahoe Prima Style,07:56
266,Lady Of Spain,Louis Prima,Lake Tahoe Prima Style,02:09
267,"Hello Lover, Goodbye Tears",Louis Prima,Lake Tahoe Prima Style,02:21
268,Undecided,Louis Prima,Lake Tahoe Prima Style,02:17
269,Come Rain Or Come Shine,Louis Prima,Lake Tahoe Prima Style,01:48
270,Go Back Where You Stayed Last Night,Louis Prima,Lake Tahoe Prima Style,04:36
271,Rockin' Robin,Bobby Day,Rockin' Robin,02:40
272,Darling if I Had You,Bobby Day,Rockin' Robin,02:04
273,Sweet Little Thing,Bobby Day,Rockin' Robin,02:25
274,Saving My Life for You,Bobby Day,Rockin' Robin,02:29
275,Little Turtle Dove,Bobby Day,Rockin' Robin,02:49
276,Over and Over,Bobby Day,Rockin' Robin,02:23
277,Little Bitty Pretty One,Bobby Day,Rockin' Robin,02:36
278,Come Seven,Bobby Day,Rockin' Robin,02:58
279,Honeysuckle Baby,Bobby Day,Rockin' Robin,02:49
280,When the Swallows Come Back to Capistrano,Bobby Day,Rockin' Robin,02:47
281,Beep Beep Beep,Bobby Day,Rockin' Robin,02:34
282,So Long Baby,Bobby Day,Rockin' Robin,02:58
283,Get It,Hank Ballard & The Midnighters,All 20 Of Their Chart Hits 1953-1962,02:13
284,Work With Me Annie,Hank Ballard & The Midnighters,All 20 Of Their Chart Hits 1953-1962,02:46
285,Sexy Ways,Hank Ballard & The Midnighters,All 20 Of Their Chart Hits 1953-1962,02:29
286,Annie Had A Baby,Hank Ballard & The Midnighters,All 20 Of Their Chart Hits 1953-1962,02:37
287,Annie's Aunt Fannie,Hank Ballard & The Midnighters,All 20 Of Their Chart Hits 1953-1962,02:49
288,Henry's Got Flat Feet,Hank Ballard & The Midnighters,All 20 Of Their Chart Hits 1953-1962,02:44
289,It's Love Baby,Hank Ballard & The Midnighters,All 20 Of Their Chart Hits 1953-1962,02:52
290,Teardrops On Your Letter,Hank Ballard & The Midnighters,All 20 Of Their Chart Hits 1953-1962,02:44
291,Kansas City,Hank Ballard & The Midnighters,All 20 Of Their Chart Hits 1953-1962,02:31
292,Finger Poppin' Time,Hank Ballard & The Midnighters,All 20 Of Their Chart Hits 1953-1962,01:51
293,The Twist,Hank Ballard & The Midnighters,All 20 Of Their Chart Hits 1953-1962,02:35
294,"Let's Go, Let's Go, Let's Go",Hank Ballard & The Midnighters,All 20 Of Their Chart Hits 1953-1962,02:29
295,The Hoochie Coochie Coo,Hank Ballard & The Midnighters,All 20 Of Their Chart Hits 1953-1962,02:34
296,Let's Go Again,Hank Ballard & The Midnighters,All 20 Of Their Chart Hits 1953-1962,03:07
297,The Continental Walk,Hank Ballard & The Midnighters,All 20 Of Their Chart Hits 1953-1962,03:42
298,The Switch-A-Roo,Hank Ballard & The Midnighters,All 20 Of Their Chart Hits 1953-1962,02:46
299,The Float,Hank Ballard & The Midnighters,All 20 Of Their Chart Hits 1953-1962,02:56
300,Nothing But Good,Hank Ballard & The Midnighters,All 20 Of Their Chart Hits 1953-1962,02:42
301,Keep On Dancing,Hank Ballard & The Midnighters,All 20 Of Their Chart Hits 1953-1962,02:32
302,Do You Know How To Twist,Hank Ballard & The Midnighters,All 20 Of Their Chart Hits 1953-1962,02:27
303,Night Train to Memphis,Charley Crockett,Lil G.L.'s Honky Tonk Jubilee,02:19
304,Jamestown Ferry,Charley Crockett,Lil G.L.'s Honky Tonk Jubilee,03:06
305,I Saw the Light,Charley Crockett,Lil G.L.'s Honky Tonk Jubilee,03:03
306,Honky Tonk Blues,Charley Crockett,Lil G.L.'s Honky Tonk Jubilee,02:13
307,Just a Drink Away,Charley Crockett,Lil G.L.'s Honky Tonk Jubilee,02:51
308,Ramblin Man,Charley Crockett,Lil G.L.'s Honky Tonk Jubilee,03:03
309,You Must Be Drunk Again,Charley Crockett,Lil G.L.'s Honky Tonk Jubilee,02:23
310,I Ain't Never,Charley Crockett,Lil G.L.'s Honky Tonk Jubilee,02:14
311,The Lost Highway,Charley Crockett,Lil G.L.'s Honky Tonk Jubilee,03:04
312,Am I That Easy to Forget,Charley Crockett,Lil G.L.'s Honky Tonk Jubilee,02:35
313,Honky Tonk Man,Charley Crockett,Lil G.L.'s Honky Tonk Jubilee,02:12
314,You're Still on My Mind,Charley Crockett,Lil G.L.'s Honky Tonk Jubilee,02:31
315,I Just Don't Like This Kind of Living,Charley Crockett,Lil G.L.'s Honky Tonk Jubilee,02:32
316,Brothers of a Bottle,Charley Crockett,Lil G.L.'s Honky Tonk Jubilee,02:48
317,Honky Tonkin,Charley Crockett,Lil G.L.'s Honky Tonk Jubilee,02:56
318,I Cast a Lonesome Shadow,Charley Crockett,Lil G.L.'s Honky Tonk Jubilee,03:06
319,Movin' On,The Uptown Savages,Rock 'n' Roll With You,02:37
320,Cock-A-Doodle Johnny,The Uptown Savages,Crazy Crazy Crazy,02:16
321,You'd Better Find Yourself Another Fool,LaVern Baker,You'd Better Find Yourself Another Fool,02:01
322,Chicken Little,Various artists,Voodoo Lou,02:05
323,Voo Doo Lou,Various artists,Voodoo Lou,02:14
324,It's Hot,Various artists,Voodoo Lou,03:00
325,Baby Blues Rock,Various artists,Voodoo Lou,02:27
326,Tarzan,Various artists,Voodoo Lou,01:59
327,Who's That Under My Bed,Various artists,Voodoo Lou,02:24
328,Half Ton Tillie,Various artists,Voodoo Lou,02:10
329,Love Birds,Various artists,Voodoo Lou,02:14
330,Blacksmith Blues,Various artists,Voodoo Lou,02:44
331,Gonna Stick To You Baby,Various artists,Voodoo Lou,02:08
332,"Your Drivers License, Please",Various artists,Voodoo Lou,02:01
333,Rock And Roll Fever,Various artists,Voodoo Lou,02:06
334,Skinny Ginny,Various artists,Voodoo Lou,02:30
335,Dr. Jekyll & Mr. Hyde,Various artists,Voodoo Lou,02:15
336,No Sackie Sack,Various artists,Voodoo Lou,02:28
337,My Goose Is Cooked,Various artists,Voodoo Lou,02:11
338,Trim Your Tree,Various artists,Voodoo Lou,02:01
339,Love Money,Various artists,Voodoo Lou,02:08
340,"I Hate, But I Like Popcorn",Various artists,Voodoo Lou,02:03
341,Sputnik Baby,Various artists,Voodoo Lou,02:21
342,Slippity,Various artists,Voodoo Lou,02:31
343,Nursery Rhyme Rock,Various artists,Voodoo Lou,02:02
344,Cottonhead Joe,Various artists,Voodoo Lou,02:08
345,Rock'N'Roll Jungle,Various artists,Voodoo Lou,02:20
346,Back Door Man,Various artists,Voodoo Lou,02:30
347,Puppy Howl Blues,Various artists,Voodoo Lou,02:16
348,Sack,Various artists,Voodoo Lou,01:59
349,Big Chief Hug-Um An' Kiss Um,Various artists,Voodoo Lou,02:13
350,Mr. Blues,Various artists,Aint Gonna Hush: And Make Some Good Girls Bad,02:27
351,She'll Be Gone,Various artists,Aint Gonna Hush: And Make Some Good Girls Bad,02:03
352,Johnny Lee,Various artists,Aint Gonna Hush: And Make Some Good Girls Bad,02:16
353,Market Place,Various artists,Aint Gonna Hush: And Make Some Good Girls Bad,02:46
354,I'm Just A Woman,Various artists,Aint Gonna Hush: And Make Some Good Girls Bad,02:45
355,Ain't Gonna Hush,Various artists,Aint Gonna Hush: And Make Some Good Girls Bad,02:32
356,Hambone,Various artists,Aint Gonna Hush: And Make Some Good Girls Bad,02:37
357,Finally Met My Baby,Various artists,Aint Gonna Hush: And Make Some Good Girls Bad,02:22
358,Got My Mo-Jo Working,Various artists,Aint Gonna Hush: And Make Some Good Girls Bad,02:36
359,My Baby Waited Too Long,Various artists,Aint Gonna Hush: And Make Some Good Girls Bad,02:44
360,Whole Lotta Shakin' Goin' On,Various artists,Aint Gonna Hush: And Make Some Good Girls Bad,02:46
361,Oh! Baby,Various artists,Aint Gonna Hush: And Make Some Good Girls Bad,02:06
362,My Baby Has Gone,Various artists,Aint Gonna Hush: And Make Some Good Girls Bad,01:52
363,Drill Daddy Drill,Various artists,Aint Gonna Hush: And Make Some Good Girls Bad,02:56
364,A Fool In Love,Various artists,Aint Gonna Hush: And Make Some Good Girls Bad,02:21
365,Scarred Knees,Various artists,Aint Gonna Hush: And Make Some Good Girls Bad,03:21
366,A-Don't Talk Back,Various artists,Aint Gonna Hush: And Make Some Good Girls Bad,02:41
367,My Man Is a Lover,Various artists,Aint Gonna Hush: And Make Some Good Girls Bad,02:41
368,Scorched,Various artists,Aint Gonna Hush: And Make Some Good Girls Bad,02:29
369,My Man Rockhead,Various artists,Aint Gonna Hush: And Make Some Good Girls Bad,02:39
370,T'Aint Whatcha Say,Various artists,Aint Gonna Hush: And Make Some Good Girls Bad,02:49
371,He's The One That Rings My Bell,Various artists,Aint Gonna Hush: And Make Some Good Girls Bad,02:31
372,Rocket 69,Various artists,Aint Gonna Hush: And Make Some Good Girls Bad,02:42
373,I Thought I Told You Not To Tell Them,Various artists,Aint Gonna Hush: And Make Some Good Girls Bad,02:10
374,One More Chance,Various artists,Aint Gonna Hush: And Make Some Good Girls Bad,01:54
375,Fujiyama Mama,Various artists,Aint Gonna Hush: And Make Some Good Girls Bad,02:30
376,Rockin' Bed,Various artists,Aint Gonna Hush: And Make Some Good Girls Bad,03:04
377,Beer Bottle Boogie,Various artists,Aint Gonna Hush: And Make Some Good Girls Bad,02:39
378,Do Unto Others,Various artists,The Big Push,02:23
379,Roll Your Moneymaker,Various artists,The Big Push,02:46
380,Hello Baby,Various artists,The Big Push,02:49
381,Hi Fi Baby,Various artists,The Big Push,02:27
382,Think,Various artists,The Big Push,02:35
383,Pigtail,Various artists,The Big Push,02:04
384,You Don't Love Me,Various artists,The Big Push,02:34
385,Hard Headed Woman,Various artists,The Big Push,02:32
386,You Must be Crazy,Various artists,The Big Push,02:21
387,Space Guitar,Various artists,The Big Push,02:38
388,Too Much Alcohol,Various artists,The Big Push,02:31
389,I Believed In A Woman,Various artists,The Big Push,02:27
390,Let's Go Out Tonight,Various artists,The Big Push,02:32
391,Let It Shine,Various artists,The Big Push,01:58
392,The Big Push,Various artists,The Big Push,02:32
393,Swim,Various artists,The Big Push,02:30
394,Takin' Care Of Business,Various artists,The Big Push,02:53
395,Big Game Hunter,Various artists,The Big Push,02:53
396,If Things Don't Change,Various artists,The Big Push,02:17
397,Storm Warning,Various artists,The Big Push,03:17
398,Bad Case Of Love,Various artists,The Big Push,02:19
399,Okie Dokie Stomp,Various artists,The Big Push,02:35
400,Lee Street Blues,Various artists,The Big Push,01:59
401,Vanity Dresser,Various artists,The Big Push,02:27
402,Cuban Get Away,Various artists,The Big Push,03:11
403,She's My baby,Various artists,The Big Push,02:16
404,Hideout,Various artists,The Big Push,01:52
405,I Just Gotta Make Her Mine,Various artists,The Big Push,02:26
406,Shake It And Break It,Preservation Hall Jazz Band,An Album To Benefit Preservation Hall & The Preservation Hall Music Outreach Program,03:10
407,Between The Devil & The Deep Blue Sea,Preservation Hall Jazz Band,An Album To Benefit Preservation Hall & The Preservation Hall Music Outreach Program,02:41
408,Tootie Ma Is A Big Fine Thing,Preservation Hall Jazz Band,An Album To Benefit Preservation Hall & The Preservation Hall Music Outreach Program,04:18
409,Louisiana Fairytale,Preservation Hall Jazz Band,An Album To Benefit Preservation Hall & The Preservation Hall Music Outreach Program,03:08
410,After You've Gone,Preservation Hall Jazz Band,An Album To Benefit Preservation Hall & The Preservation Hall Music Outreach Program,03:21
411,Freight Train,Preservation Hall Jazz Band,An Album To Benefit Preservation Hall & The Preservation Hall Music Outreach Program,03:18
412,Blue Skies,Preservation Hall Jazz Band,An Album To Benefit Preservation Hall & The Preservation Hall Music Outreach Program,02:39
413,Nobody Knows You When You're Down And Out,Preservation Hall Jazz Band,An Album To Benefit Preservation Hall & The Preservation Hall Music Outreach Program,04:10
414,Old Rugged Cross,Preservation Hall Jazz Band,An Album To Benefit Preservation Hall & The Preservation Hall Music Outreach Program,02:54
415,Trouble In Mind,Preservation Hall Jazz Band,An Album To Benefit Preservation Hall & The Preservation Hall Music Outreach Program,04:11
416,Basin Street Blues,Preservation Hall Jazz Band,An Album To Benefit Preservation Hall & The Preservation Hall Music Outreach Program,03:53
417,There Is A Light,Preservation Hall Jazz Band,An Album To Benefit Preservation Hall & The Preservation Hall Music Outreach Program,04:23
418,Winin' Boy Blues,Preservation Hall Jazz Band,An Album To Benefit Preservation Hall & The Preservation Hall Music Outreach Program,05:33
419,Rockin' Chair,Preservation Hall Jazz Band,An Album To Benefit Preservation Hall & The Preservation Hall Music Outreach Program,02:29
420,"Baby, Won't You Please Come Home",Preservation Hall Jazz Band,An Album To Benefit Preservation Hall & The Preservation Hall Music Outreach Program,03:17
421,Taint Nobody's Business,Preservation Hall Jazz Band,An Album To Benefit Preservation Hall & The Preservation Hall Music Outreach Program,03:08
422,Some Cold Rainy Day,Preservation Hall Jazz Band,An Album To Benefit Preservation Hall & The Preservation Hall Music Outreach Program,03:28
423,I Ain't Got Nobody,Preservation Hall Jazz Band,An Album To Benefit Preservation Hall & The Preservation Hall Music Outreach Program,03:38
424,La Vie En Rose,Preservation Hall Jazz Band,An Album To Benefit Preservation Hall & The Preservation Hall Music Outreach Program,02:52
425,A Wolverine Blues,The Baby Dodds Trio,Jazz A'La Creole,02:54
426,Buddy Bolden's Blues #1 (Ny2),The Baby Dodds Trio,Jazz A'La Creole,03:12
427,Drum Improvisation #1,The Baby Dodds Trio,Jazz A'La Creole,02:34
428,Albert's Blues,The Baby Dodds Trio,Jazz A'La Creole,03:14
429,Manhattan Stomp,The Baby Dodds Trio,Jazz A'La Creole,02:37
430,Drum Improvisation #2,The Baby Dodds Trio,Jazz A'La Creole,02:34
431,Buddy Bolden's Blues #2 (Ny2a),The Baby Dodds Trio,Jazz A'La Creole,03:11
432,Wolverine Blues,The Baby Dodds Trio,Jazz A'La Creole,03:00
433,Mo Pas Lemme Ca #1 (Ny35),The Baby Dodds Trio,Jazz A'La Creole,02:48
434,Salee Dame,The Baby Dodds Trio,Jazz A'La Creole,03:25
435,Les Ognons,The Baby Dodds Trio,Jazz A'La Creole,03:06
436,Creole Blues,The Baby Dodds Trio,Jazz A'La Creole,03:11
437,Mo Pas Lemme Ca #1,The Baby Dodds Trio,Jazz A'La Creole,01:57
438,Salee Dame #2,The Baby Dodds Trio,Jazz A'La Creole,02:13
439,Chocko Me Feendo Hey,The Baby Dodds Trio,Jazz A'La Creole,03:25
440,Tootie Ma Is a Big Fine Thing,The Baby Dodds Trio,Jazz A'La Creole,03:08
441,My Indian Red,The Baby Dodds Trio,Jazz A'La Creole,02:56
442,Corinne Died on the Battlefield,The Baby Dodds Trio,Jazz A'La Creole,03:14
443,Just Want Your Love (Album Version),Big Maybelle,The Complete Okeh Sessions 1952-1955,03:12
444,So Good To My Baby (Album Version),Big Maybelle,The Complete Okeh Sessions 1952-1955,02:32
445,Gabbin' Blues (Don't Run My Business) (Album Version),Big Maybelle,The Complete Okeh Sessions 1952-1955,02:39
446,My Country Man (Album Version),Big Maybelle,The Complete Okeh Sessions 1952-1955,02:33
447,Rain Down Rain,Big Maybelle,The Complete Okeh Sessions 1952-1955,03:05
448,Way Back Home (Album Version),Big Maybelle,The Complete Okeh Sessions 1952-1955,02:43
449,Please Stay Away From My Sam (Album Version),Big Maybelle,The Complete Okeh Sessions 1952-1955,02:32
450,Jinny Mule,Big Maybelle,The Complete Okeh Sessions 1952-1955,02:44
451,Send For Me (Album Version),Big Maybelle,The Complete Okeh Sessions 1952-1955,03:09
452,Maybelle's Blues (Album Version),Big Maybelle,The Complete Okeh Sessions 1952-1955,03:08
453,I've Got A Feelin' (Album Version),Big Maybelle,The Complete Okeh Sessions 1952-1955,02:55
454,You'll Never Know (Album Version),Big Maybelle,The Complete Okeh Sessions 1952-1955,03:01
455,No More Trouble Out Of Me (Album Version),Big Maybelle,The Complete Okeh Sessions 1952-1955,03:24
456,My Big Mistake (Album Version),Big Maybelle,The Complete Okeh Sessions 1952-1955,02:37
457,Ain't No Use (Album Version),Big Maybelle,The Complete Okeh Sessions 1952-1955,02:58
458,I'm Getting 'Long Alright (Album Version),Big Maybelle,The Complete Okeh Sessions 1952-1955,03:34
459,You'll Be Sorry (Album Version),Big Maybelle,The Complete Okeh Sessions 1952-1955,02:27
460,Hair Dressin' Women (Album Version),Big Maybelle,The Complete Okeh Sessions 1952-1955,03:23
461,One Monkey Don't Stop No Show (Album Version),Big Maybelle,The Complete Okeh Sessions 1952-1955,02:50
462,Don't Leave Poor Me (Album Version),Big Maybelle,The Complete Okeh Sessions 1952-1955,02:35
463,Ain't To Be Played With (Album Version),Big Maybelle,The Complete Okeh Sessions 1952-1955,02:29
464,New Kind Of Mambo (Album Version),Big Maybelle,The Complete Okeh Sessions 1952-1955,02:34
465,Ocean Of Tears (Album Version),Big Maybelle,The Complete Okeh Sessions 1952-1955,02:29
466,The Other Night (Album Version),Big Maybelle,The Complete Okeh Sessions 1952-1955,02:05
467,Such A Cutie (Album Version),Big Maybelle,The Complete Okeh Sessions 1952-1955,02:06
468,"Roll, Hot Rod, Roll",Oscar McLollie,"Roll, Hot Rod, Roll",03:02
469,"Take Your Shoes Off, Pop",Oscar McLollie,"Roll, Hot Rod, Roll",02:06
470,Wiggle Toe,Oscar McLollie,"Roll, Hot Rod, Roll",02:35
471,Eternal Love,Oscar McLollie,"Roll, Hot Rod, Roll",02:35
472,What You Call 'Em Joe,Oscar McLollie,"Roll, Hot Rod, Roll",02:29
473,Hot Banana,Oscar McLollie,"Roll, Hot Rod, Roll",02:21
474,The Honey Jump (Part 1),Oscar McLollie,"Roll, Hot Rod, Roll",02:22
475,The Honey Jump (Part 2),Oscar McLollie,"Roll, Hot Rod, Roll",02:56
476,Mama Don't Like It,Oscar McLollie,"Roll, Hot Rod, Roll",02:55
477,All That Oil In Texas,Oscar McLollie,"Roll, Hot Rod, Roll",02:27
478,Hey Lolly Lolly,Oscar McLollie,"Roll, Hot Rod, Roll",02:12
479,Pretty Girl,Oscar McLollie,"Roll, Hot Rod, Roll",02:28
480,Love Me Tonight,Oscar McLollie,"Roll, Hot Rod, Roll",02:39
481,Lolly Pop,Oscar McLollie,"Roll, Hot Rod, Roll",02:32
482,Dig That Crazy Santa Claus,Oscar McLollie,"Roll, Hot Rod, Roll",02:31
483,Out in the Country,The Meters,Fire On The Bayou,03:38
484,Fire on the Bayou,The Meters,Fire On The Bayou,04:10
485,Love Slip Upon Ya,The Meters,Fire On The Bayou,04:59
486,Talkin' 'bout New Orleans,The Meters,Fire On The Bayou,03:38
487,They All Ask'd for You,The Meters,Fire On The Bayou,04:12
488,Can You Do Without?,The Meters,Fire On The Bayou,03:52
489,Liar,The Meters,Fire On The Bayou,05:12
490,You're a Friend of Mine,The Meters,Fire On The Bayou,04:11
491,Middle of the Road,The Meters,Fire On The Bayou,07:57
492,Running Fast,The Meters,Fire On The Bayou,01:27
493,Mardi Gras Mambo,The Meters,Fire On The Bayou,02:39
494,"'Zat You, Santa Claus? (Single Version)",Ella Fitzgerald & Louis Armstrong,Ella & Louis Christmas,02:40
495,Zat U Santa Claus?,Meaghan Smith,It Snowed,02:24
496,Boogie Woogie Santa Claus,Colin James,Little Big Band Christmas,02:45
497,Please Come Home for Christmas,Various artists,"Blues Blues Christmas, Vol 4",02:51
498,Christmas Time Blues,Various artists,"Blues Blues Christmas, Vol 4",03:00
499,White Christmas,Various artists,"Blues Blues Christmas, Vol 4",02:37
500,Guitar Jingle Bells,Various artists,"Blues Blues Christmas, Vol 4",02:43
501,Santa Claus Blues,Various artists,"Blues Blues Christmas, Vol 4",03:11
502,Santa Claus Blues,Various artists,"Blues Blues Christmas, Vol 4",02:34
503,Santa Is on His Way,Various artists,"Blues Blues Christmas, Vol 4",02:29
504,Looking for Me Santa Claus (with The Felix Krazy Cats),Various artists,"Blues Blues Christmas, Vol 4",02:24
505,It's Christmas Time,Various artists,"Blues Blues Christmas, Vol 4",02:41
506,I Hear Jingle Bells,Various artists,"Blues Blues Christmas, Vol 4",02:34
507,Santa Claus Blues,Various artists,"Blues Blues Christmas, Vol 4",02:14
508,Rudolph the Red Nosed Raindeer,Various artists,"Blues Blues Christmas, Vol 4",02:16
509,Santa Done Got Hip,Various artists,"Blues Blues Christmas, Vol 4",01:45
510,Cool Cool Christmas,Various artists,"Blues Blues Christmas, Vol 4",02:01
511,Sleighbell Rock,Various artists,"Blues Blues Christmas, Vol 4",01:58
512,Mambo Santa Mambo,Various artists,"Blues Blues Christmas, Vol 4",02:36
513,Cowboy Santa Claus (with Lil Armstrong and her Ebony-Aires),Various artists,"Blues Blues Christmas, Vol 4",02:40
514,Father Christmas,Various artists,"Blues Blues Christmas, Vol 4",02:54
515,Love for Christmas (with The Ebonaires),Various artists,"Blues Blues Christmas, Vol 4",02:55
516,Christmas in Heaven,Various artists,"Blues Blues Christmas, Vol 4",02:40
517,Christmas Time,Various artists,"Blues Blues Christmas, Vol 4",02:35
518,Mr Santa Claus (Bring Me My Baby),Various artists,"Blues Blues Christmas, Vol 4",02:21
519,It's Christmas,Various artists,"Blues Blues Christmas, Vol 4",02:06
520,Cowboy Santa Claus,Various artists,"Blues Blues Christmas, Vol 4",02:08
521,Santa Claus Rock and Roll,Various artists,"Blues Blues Christmas, Vol 4",02:16
522,Tell Santa Claus,Various artists,"Blues Blues Christmas, Vol 4",03:07
523,Christmas Eve Baby,Various artists,"Blues Blues Christmas, Vol 4",02:18
524,"A Mother, A Father, A Baby",Various artists,"Blues Blues Christmas, Vol 4",03:11
525,Christmas Eve,Various artists,"Blues Blues Christmas, Vol 4",04:24
526,Answer to Maple on the Hill - Part-4,Various artists,"Blues Blues Christmas, Vol 4",03:08
527,Silent Night,Various artists,"Blues Blues Christmas, Vol 4",02:39
528,Children Go Where I Send Thee,Various artists,"Blues Blues Christmas, Vol 4",02:26
529,Twenty-Fifth Day of December (When Was Jesus Born),Various artists,"Blues Blues Christmas, Vol 4",02:30
530,Sweet Little Angel Boy,Various artists,"Blues Blues Christmas, Vol 4",02:58
531,A Child Is Born,Various artists,"Blues Blues Christmas, Vol 4",02:30
532,Glory Glory to the King,Various artists,"Blues Blues Christmas, Vol 4",02:35
533,Can This Be Christmas,Various artists,"Blues Blues Christmas, Vol 4",02:53
534,Christmas Is a Joyful Day,Various artists,"Blues Blues Christmas, Vol 4",02:44
535,Happy New Year to You,Various artists,"Blues Blues Christmas, Vol 4",01:43
536,After New Year's Eve,Various artists,"Blues Blues Christmas, Vol 4",02:48
537,Please Come Home For Christmas,Aaron Neville,Aaron Neville's Soulful Christmas,02:52
538,Please Come Home For Christmas (Album Version),Various artists,An Austin Rhythm And Blues Christmas,04:01
539,Whole Lotta Shakin' Goin' On (Album Version),Big Maybelle,The Complete Okeh Sessions 1952-1955,02:57
540,Coupe de Ville,Si Cranstoun,Dancehalls & Supper Clubs,03:15
541,Run Free,Si Cranstoun,Dancehalls & Supper Clubs,04:22
542,Italian Eyes,Si Cranstoun,Dancehalls & Supper Clubs,02:34
543,Daddy's Gotcha,Si Cranstoun,Dancehalls & Supper Clubs,04:20
544,Tweet On Twitter,Si Cranstoun,Dancehalls & Supper Clubs,04:04
545,Ella Hula Hula,Si Cranstoun,Dancehalls & Supper Clubs,03:44
546,Nighttime,Si Cranstoun,Dancehalls & Supper Clubs,06:16
547,Bella Principessa,Si Cranstoun,Dancehalls & Supper Clubs,03:03
548,Rise & Shine,Si Cranstoun,Dancehalls & Supper Clubs,03:32
549,Moon & Stars,Si Cranstoun,Dancehalls & Supper Clubs,03:17
550,Dynamo,Si Cranstoun,Dancehalls & Supper Clubs,02:44
551,Lonesome Heart Bandit,Si Cranstoun,Dancehalls & Supper Clubs,03:20
552,Mary Lou,Si Cranstoun,Smokehouse Sessions,02:16
553,True Lovers,Si Cranstoun,Smokehouse Sessions,02:33
554,Rosie Lees,Si Cranstoun,Smokehouse Sessions,02:42
555,Around Midnight,Si Cranstoun,Smokehouse Sessions,03:32
556,Ruby Baby,Si Cranstoun,Smokehouse Sessions,02:58
557,The Throwback,Si Cranstoun,Smokehouse Sessions,03:50
558,Them There Eyes,Si Cranstoun,Smokehouse Sessions,01:53
559,Sea Cruise,Si Cranstoun,Smokehouse Sessions,02:09
560,Little By Little,Si Cranstoun,Smokehouse Sessions,02:41
561,50's Pin Up,Si Cranstoun,Smokehouse Sessions,02:46
562,At Last,Etta James,The Very Best Of Etta James - 80 Tracks Including Her Greatest Hits And Most Requested Favourites,03:04
563,I Just Want To Make Love To You,Etta James,The Very Best Of Etta James - 80 Tracks Including Her Greatest Hits And Most Requested Favourites,03:10
564,Sponful,Etta James,The Very Best Of Etta James - 80 Tracks Including Her Greatest Hits And Most Requested Favourites,02:52
565,One For My Baby,Etta James,The Very Best Of Etta James - 80 Tracks Including Her Greatest Hits And Most Requested Favourites,03:32
566,Stormy Weather,Etta James,The Very Best Of Etta James - 80 Tracks Including Her Greatest Hits And Most Requested Favourites,03:12
567,All I Could Do Was Cry,Etta James,The Very Best Of Etta James - 80 Tracks Including Her Greatest Hits And Most Requested Favourites,02:58
568,Roll With Me Henry (The Wallflower),Etta James,The Very Best Of Etta James - 80 Tracks Including Her Greatest Hits And Most Requested Favourites,03:09
569,Good Rockin' Daddy,Etta James,The Very Best Of Etta James - 80 Tracks Including Her Greatest Hits And Most Requested Favourites,02:30
570,If I Can't Have You,Etta James,The Very Best Of Etta James - 80 Tracks Including Her Greatest Hits And Most Requested Favourites,02:52
571,I Hope You're Satisfied,Etta James,The Very Best Of Etta James - 80 Tracks Including Her Greatest Hits And Most Requested Favourites,03:07
572,My Dearest Darling,Etta James,The Very Best Of Etta James - 80 Tracks Including Her Greatest Hits And Most Requested Favourites,03:07
573,Dance With Me Henry,Etta James,The Very Best Of Etta James - 80 Tracks Including Her Greatest Hits And Most Requested Favourites,02:26
574,Someone To Watch Over Me,Etta James,The Very Best Of Etta James - 80 Tracks Including Her Greatest Hits And Most Requested Favourites,06:01
575,These Foolish Things,Etta James,The Very Best Of Etta James - 80 Tracks Including Her Greatest Hits And Most Requested Favourites,04:00
576,Don't Cry Baby,Etta James,The Very Best Of Etta James - 80 Tracks Including Her Greatest Hits And Most Requested Favourites,02:33
577,Fool That I Am,Etta James,The Very Best Of Etta James - 80 Tracks Including Her Greatest Hits And Most Requested Favourites,03:02
578,In My Diary,Etta James,The Very Best Of Etta James - 80 Tracks Including Her Greatest Hits And Most Requested Favourites,02:39
579,Seven Day Fool,Etta James,The Very Best Of Etta James - 80 Tracks Including Her Greatest Hits And Most Requested Favourites,03:03
580,It's Too Soon To Know,Etta James,The Very Best Of Etta James - 80 Tracks Including Her Greatest Hits And Most Requested Favourites,02:52
581,Dream,Etta James,The Very Best Of Etta James - 80 Tracks Including Her Greatest Hits And Most Requested Favourites,02:28
582,I'll Dry My Tears,Etta James,The Very Best Of Etta James - 80 Tracks Including Her Greatest Hits And Most Requested Favourites,02:42
583,Plum Nuts,Etta James,The Very Best Of Etta James - 80 Tracks Including Her Greatest Hits And Most Requested Favourites,03:05
584,Don't Get Around Much Anymore,Etta James,The Very Best Of Etta James - 80 Tracks Including Her Greatest Hits And Most Requested Favourites,02:28
585,Anything To Say You're Mine,Etta James,The Very Best Of Etta James - 80 Tracks Including Her Greatest Hits And Most Requested Favourites,02:39
586,Trust In Me,Etta James,The Very Best Of Etta James - 80 Tracks Including Her Greatest Hits And Most Requested Favourites,03:03
587,A Sunday Kind Of Love,Etta James,The Very Best Of Etta James - 80 Tracks Including Her Greatest Hits And Most Requested Favourites,03:20
588,Tough Mary,Etta James,The Very Best Of Etta James - 80 Tracks Including Her Greatest Hits And Most Requested Favourites,02:29
589,Boy Of My Dreams,Etta James,The Very Best Of Etta James - 80 Tracks Including Her Greatest Hits And Most Requested Favourites,02:27
590,Sunshine Of Love,Etta James,The Very Best Of Etta James - 80 Tracks Including Her Greatest Hits And Most Requested Favourites,02:29
591,Come What May,Etta James,The Very Best Of Etta James - 80 Tracks Including Her Greatest Hits And Most Requested Favourites,02:09
592,The Pick Up,Etta James,The Very Best Of Etta James - 80 Tracks Including Her Greatest Hits And Most Requested Favourites,02:24
593,We're In Love,Etta James,The Very Best Of Etta James - 80 Tracks Including Her Greatest Hits And Most Requested Favourites,01:50
594,Hey Henry,Etta James,The Very Best Of Etta James - 80 Tracks Including Her Greatest Hits And Most Requested Favourites,02:56
595,My Heart Cries,Etta James,The Very Best Of Etta James - 80 Tracks Including Her Greatest Hits And Most Requested Favourites,02:38
596,Tough Lover,Etta James,The Very Best Of Etta James - 80 Tracks Including Her Greatest Hits And Most Requested Favourites,02:13
597,Good Lookin',Etta James,The Very Best Of Etta James - 80 Tracks Including Her Greatest Hits And Most Requested Favourites,02:13
598,By The Light Of The Silvery Moon,Etta James,The Very Best Of Etta James - 80 Tracks Including Her Greatest Hits And Most Requested Favourites,02:15
599,That's All,Etta James,The Very Best Of Etta James - 80 Tracks Including Her Greatest Hits And Most Requested Favourites,02:18
600,Be Mine,Etta James,The Very Best Of Etta James - 80 Tracks Including Her Greatest Hits And Most Requested Favourites,02:53
601,Crazy Feeling,Etta James,The Very Best Of Etta James - 80 Tracks Including Her Greatest Hits And Most Requested Favourites,03:19
602,"Hold Me, Squeeze Me",Etta James,The Very Best Of Etta James - 80 Tracks Including Her Greatest Hits And Most Requested Favourites,02:34
603,If It Ain't One Thing,Etta James,The Very Best Of Etta James - 80 Tracks Including Her Greatest Hits And Most Requested Favourites,02:20
604,Fools We Mortals Be,Etta James,The Very Best Of Etta James - 80 Tracks Including Her Greatest Hits And Most Requested Favourites,02:25
605,Baby Baby Every Night,Etta James,The Very Best Of Etta James - 80 Tracks Including Her Greatest Hits And Most Requested Favourites,02:27
606,Nobody Loves You Like Me,Etta James,The Very Best Of Etta James - 80 Tracks Including Her Greatest Hits And Most Requested Favourites,02:29
607,Tears Of Joy,Etta James,The Very Best Of Etta James - 80 Tracks Including Her Greatest Hits And Most Requested Favourites,02:31
608,My One And Only,Etta James,The Very Best Of Etta James - 80 Tracks Including Her Greatest Hits And Most Requested Favourites,02:33
609,Strange Things Happening,Etta James,The Very Best Of Etta James - 80 Tracks Including Her Greatest Hits And Most Requested Favourites,02:34
610,Shortnin' Bread Rock,Etta James,The Very Best Of Etta James - 80 Tracks Including Her Greatest Hits And Most Requested Favourites,02:34
611,I'm A Fool,Etta James,The Very Best Of Etta James - 80 Tracks Including Her Greatest Hits And Most Requested Favourites,02:34
612,Then I'll Care,Etta James,The Very Best Of Etta James - 80 Tracks Including Her Greatest Hits And Most Requested Favourites,02:36
613,How Big A Fool,Etta James,The Very Best Of Etta James - 80 Tracks Including Her Greatest Hits And Most Requested Favourites,02:43
614,Waiting For Charlie,Etta James,The Very Best Of Etta James - 80 Tracks Including Her Greatest Hits And Most Requested Favourites,02:08
615,Guess Again,Etta James,The Very Best Of Etta James - 80 Tracks Including Her Greatest Hits And Most Requested Favourites,02:15
616,A Lover's Mourn,Etta James,The Very Best Of Etta James - 80 Tracks Including Her Greatest Hits And Most Requested Favourites,02:35
617,You Can Count On Me,Etta James,The Very Best Of Etta James - 80 Tracks Including Her Greatest Hits And Most Requested Favourites,02:37
618,Something's Got A Hold On Me,Etta James,The Very Best Of Etta James - 80 Tracks Including Her Greatest Hits And Most Requested Favourites,02:49
619,My Dear,Etta James,The Very Best Of Etta James - 80 Tracks Including Her Greatest Hits And Most Requested Favourites,02:34
620,Nobody But You,Etta James,The Very Best Of Etta James - 80 Tracks Including Her Greatest Hits And Most Requested Favourites,02:23
621,Let Me Know,Etta James,The Very Best Of Etta James - 80 Tracks Including Her Greatest Hits And Most Requested Favourites,03:05
622,Don't Take Your Love From Me,Etta James,The Very Best Of Etta James - 80 Tracks Including Her Greatest Hits And Most Requested Favourites,03:37
623,How Do You Speak To An Angel,Etta James,The Very Best Of Etta James - 80 Tracks Including Her Greatest Hits And Most Requested Favourites,02:39
624,Fools Rush In,Etta James,The Very Best Of Etta James - 80 Tracks Including Her Greatest Hits And Most Requested Favourites,02:01
625,Don't Blame Me,Etta James,The Very Best Of Etta James - 80 Tracks Including Her Greatest Hits And Most Requested Favourites,02:24
626,Again,Etta James,The Very Best Of Etta James - 80 Tracks Including Her Greatest Hits And Most Requested Favourites,03:42
627,I Want To Be Loved,Etta James,The Very Best Of Etta James - 80 Tracks Including Her Greatest Hits And Most Requested Favourites,03:23
628,It Could Happen To You,Etta James,The Very Best Of Etta James - 80 Tracks Including Her Greatest Hits And Most Requested Favourites,03:21
629,Prisoner Of Love,Etta James,The Very Best Of Etta James - 80 Tracks Including Her Greatest Hits And Most Requested Favourites,02:15
630,Street Of Tears,Etta James,The Very Best Of Etta James - 80 Tracks Including Her Greatest Hits And Most Requested Favourites,02:35
631,Stop The Wedding,Etta James,The Very Best Of Etta James - 80 Tracks Including Her Greatest Hits And Most Requested Favourites,02:52
632,Next Door To The Blues,Etta James,The Very Best Of Etta James - 80 Tracks Including Her Greatest Hits And Most Requested Favourites,02:48
633,Would It Make Any Difference,Etta James,The Very Best Of Etta James - 80 Tracks Including Her Greatest Hits And Most Requested Favourites,02:39
634,Tell Mama,Etta James,The Very Best Of Etta James - 80 Tracks Including Her Greatest Hits And Most Requested Favourites,02:23
635,Woman,Etta James,The Very Best Of Etta James - 80 Tracks Including Her Greatest Hits And Most Requested Favourites,02:49
636,It's A Crying Shame,Etta James,The Very Best Of Etta James - 80 Tracks Including Her Greatest Hits And Most Requested Favourites,02:56
637,Market Place,Etta James,The Very Best Of Etta James - 80 Tracks Including Her Greatest Hits And Most Requested Favourites,02:59
638,Don't You Remember,Etta James,The Very Best Of Etta James - 80 Tracks Including Her Greatest Hits And Most Requested Favourites,03:05
639,Hickory Dickory Dock,Etta James,The Very Best Of Etta James - 80 Tracks Including Her Greatest Hits And Most Requested Favourites,03:05
640,You Know What I Mean,Etta James,The Very Best Of Etta James - 80 Tracks Including Her Greatest Hits And Most Requested Favourites,03:08
641,Don't Go To Strangers,Etta James,The Very Best Of Etta James - 80 Tracks Including Her Greatest Hits And Most Requested Favourites,03:53
642,When I'm Gone,Nico Duportal and His Rhythm Dudes,Guitar Player,03:17
643,Lost in the Game,Nico Duportal and His Rhythm Dudes,Guitar Player,03:11
644,Polish Woman,Nico Duportal and His Rhythm Dudes,Guitar Player,03:14
645,Oh Baby,Nico Duportal and His Rhythm Dudes,Guitar Player,03:05
646,Can't Afford to Loose Her,Nico Duportal and His Rhythm Dudes,Guitar Player,02:27
647,She Knows How,Nico Duportal and His Rhythm Dudes,Guitar Player,02:48
648,Real Good Lovin' Tonight,Nico Duportal and His Rhythm Dudes,Guitar Player,03:07
649,Big Mary's,Nico Duportal and His Rhythm Dudes,Guitar Player,02:35
650,Guitar Player,Nico Duportal and His Rhythm Dudes,Guitar Player,02:30
651,Oh Oh,Nico Duportal and His Rhythm Dudes,Guitar Player,02:46
652,Josh & Slim,Nico Duportal and His Rhythm Dudes,Guitar Player,03:31
653,Much Later,Nico Duportal and His Rhythm Dudes,Guitar Player,02:57
654,Polish Woman (1),Nico Duportal and His Rhythm Dudes,Guitar Player,03:12
655,North Side Gal,JD McPherson,Signs & Signifiers,02:31
656,Country Boy,JD McPherson,Signs & Signifiers,02:44
657,Fire Bug,JD McPherson,Signs & Signifiers,02:17
658,Signs & Signifiers,JD McPherson,Signs & Signifiers,04:45
659,Wolf Teeth,JD McPherson,Signs & Signifiers,02:56
660,Scratching Circles,JD McPherson,Signs & Signifiers,02:10
661,A Gentle Awakening,JD McPherson,Signs & Signifiers,03:26
662,Dimes For Nickles,JD McPherson,Signs & Signifiers,02:43
663,B.G.M.O.S.R.N.R.,JD McPherson,Signs & Signifiers,02:58
664,I Can't Complain,JD McPherson,Signs & Signifiers,02:36
665,Your Love (All That I'm Missing),JD McPherson,Signs & Signifiers,03:00
666,Scandalous,JD McPherson,Signs & Signifiers,02:28
667,What Is Hip? feat. Carolyn Leonhart & Terry Callier,The Juju Orchestra,Bossa Nova Is Not A Crime,04:54
668,What Is Hip feat. Terry Callier & Carolyn Leonhard (Mo'Horizons Latinstyle),The Juju Orchestra,Remixes,05:28
669,At Last,Etta James,At Last The Very Best Of,03:02
670,I Just Want To Make Love To You,Etta James,At Last The Very Best Of,03:08
671,W.O.M.A.N.,Etta James,At Last The Very Best Of,03:16
672,Anything to Say You're Mine,Etta James,At Last The Very Best Of,02:37
673,Sunday Kind Of Love,Etta James,At Last The Very Best Of,03:18
674,All I Could Do Was Cry,Etta James,At Last The Very Best Of,03:08
675,Stormy Weather,Etta James,At Last The Very Best Of,03:10
676,Something's Got A Hold On Me,Etta James,At Last The Very Best Of,02:40
677,Wallflower (Roll with me Henry),Etta James,At Last The Very Best Of,02:45
678,Tough Lover,Etta James,At Last The Very Best Of,02:11
679,Good Rockin' Daddy,Etta James,At Last The Very Best Of,02:22
680,The Pick Up,Etta James,At Last The Very Best Of,02:17
681,Every Night,Etta James,At Last The Very Best Of,02:27
682,My Dearest Darling,Etta James,At Last The Very Best Of,03:01
683,Trust In Me,Etta James,At Last The Very Best Of,03:01
684,Tough Mary,Etta James,At Last The Very Best Of,02:28
685,Don't Cry Baby,Etta James,At Last The Very Best Of,02:28
686,Fool That I Am,Etta James,At Last The Very Best Of,02:58
687,One For My Baby (And One More For The Road),Etta James,At Last The Very Best Of,03:29
688,In My Diary,Etta James,At Last The Very Best Of,02:40
689,Seven Day Fool,Etta James,At Last The Very Best Of,02:55
690,Dream,Etta James,At Last The Very Best Of,02:23
691,I'll Dry My Tears,Etta James,At Last The Very Best Of,02:42
692,Don't Get Around Much Anymore,Etta James,At Last The Very Best Of,02:25
693,Spoonful,Etta James,At Last The Very Best Of,02:50
694,My Heart Cries,Etta James,At Last The Very Best Of,02:37
695,It's A Crying Shame,Etta James,At Last The Very Best Of,02:56
696,If I Can't Have You,Etta James,At Last The Very Best Of,02:46
697,"Köln, January 24, 1975, Pt. I (Live)",Keith Jarrett,The Köln Concert,26:01
698,"Köln, January 24, 1975, Pt. II A (Live)",Keith Jarrett,The Köln Concert,14:54
699,"Köln, January 24, 1975, Pt. II B (Live)",Keith Jarrett,The Köln Concert,18:14
700,"Köln, January 24, 1975, Pt. II C (Live)",Keith Jarrett,The Köln Concert,06:56
701,That's a Pretty Good Love (feat. Nick Govrik),Alexis Saski,Shakin',02:51
702,Leave My Kitten Alone,Alexis Saski,Shakin',02:52
703,True Fine Mama,Alexis Saski,Shakin',03:36
704,As Long as I'm Moving,Alexis Saski,Shakin',02:48
705,Shakin' (feat. Roy Agee),Alexis Saski,Shakin',02:59
706,Nitty Gritty (feat. Glen Caruba),Alexis Saski,Shakin',03:29
707,Trouble (Remastered),Elvis Presley,The Essential Elvis Presley,02:16
708,Spoonful (Single Version),Etta James,At Last!,02:50
709,(I Know) You Don't Love Me,Ike Turner And The Kings Of Rhythm,King Cobra: The Chicago Sessions,02:10
710,Down And Out (aka How Long Will It Last),Ike Turner And The Kings Of Rhythm,King Cobra: The Chicago Sessions,03:06
711,Matchbox (Aka I'm Gonna Forget About You) (Unissued-Version 1 Take 4),Ike Turner And The Kings Of Rhythm,King Cobra: The Chicago Sessions,02:23
712,You Keep On Worrying Me (Unissued-Take 2),Ike Turner And The Kings Of Rhythm,King Cobra: The Chicago Sessions,02:23
713,You've Got To Lose (Unissued),Ike Turner And The Kings Of Rhythm,King Cobra: The Chicago Sessions,02:21
714,Walking Down The Aisle,Ike Turner And The Kings Of Rhythm,King Cobra: The Chicago Sessions,02:12
715,Box Top,Ike Turner And The Kings Of Rhythm,King Cobra: The Chicago Sessions,01:55
716,I'll Weep No More - Betty Everett,Ike Turner And The Kings Of Rhythm,King Cobra: The Chicago Sessions,02:50
717,Tell Me Darling - Betty Everett,Ike Turner And The Kings Of Rhythm,King Cobra: The Chicago Sessions,02:03
718,Matchbox (Aka I'm Gonna Forget About You) (Unissued-Version 2 Take 5),Ike Turner And The Kings Of Rhythm,King Cobra: The Chicago Sessions,02:24
719,(I Know) You Don't Love Me (Unissued-Take 1),Ike Turner And The Kings Of Rhythm,King Cobra: The Chicago Sessions,02:10
720,You Keep On Worrying Me (Unissued-Take 4),Ike Turner And The Kings Of Rhythm,King Cobra: The Chicago Sessions,02:29
721,You've Got To Lose (Unissued-Take ?),Ike Turner And The Kings Of Rhythm,King Cobra: The Chicago Sessions,02:19
722,Walking Down The Aisle (Unissued-Take 4),Ike Turner And The Kings Of Rhythm,King Cobra: The Chicago Sessions,02:11
723,I'll Weep No More - Betty Everett (Unissued),Ike Turner And The Kings Of Rhythm,King Cobra: The Chicago Sessions,02:46
724,Tell Me Darling - Betty Everett (Unissued),Ike Turner And The Kings Of Rhythm,King Cobra: The Chicago Sessions,02:06
725,I'm Gonna Forget About You (Aka Matchbox) (Unissued-Version 2 Take?),Ike Turner And The Kings Of Rhythm,King Cobra: The Chicago Sessions,02:21
726,Matchbox (Aka I'm Gonna Forget About You) (Unissued-Version 3 Take 6),Ike Turner And The Kings Of Rhythm,King Cobra: The Chicago Sessions,02:24
727,Down In Mexico,The Coasters,The Coasters,03:13
728,I Hear You Knocking,Smiley Lewis,I Hear You Knocking,02:45
729,My Baby Was Right,Smiley Lewis,I Hear You Knocking,02:43
730,Bumpity Bump,Smiley Lewis,I Hear You Knocking,02:31
731,Real Gone Lover,Smiley Lewis,I Hear You Knocking,02:33
732,Lost Weekend,Smiley Lewis,I Hear You Knocking,02:23
733,It's Music,Smiley Lewis,I Hear You Knocking,02:23
734,Come In,Smiley Lewis,I Hear You Knocking,02:25
735,Oh Red,Smiley Lewis,I Hear You Knocking,02:08
736,Hook Line & Sinker,Smiley Lewis,I Hear You Knocking,02:28
737,One Night,Smiley Lewis,I Hear You Knocking,02:28
738,Shame Shame Shame,Smiley Lewis,I Hear You Knocking,01:59
739,Please Listen to Me,Smiley Lewis,I Hear You Knocking,02:22
740,Down Yonder We Go Ballin',Smiley Lewis,I Hear You Knocking,02:58
741,Go on Fool,Smiley Lewis,I Hear You Knocking,02:09
742,Bad Luck Blues,Smiley Lewis,I Hear You Knocking,02:17
743,Stormy Monday Blues,Smiley Lewis,I Hear You Knocking,02:34
744,It's so Peaceful,Smiley Lewis,I Hear You Knocking,02:28
745,Ain't Gonna Do It,Smiley Lewis,I Hear You Knocking,02:32
746,You're Not the One,Smiley Lewis,I Hear You Knocking,02:32
747,Big Mamou,Smiley Lewis,I Hear You Knocking,02:28
748,Caldonia's Party,Smiley Lewis,I Hear You Knocking,02:15
749,Oh Baby,Smiley Lewis,I Hear You Knocking,02:24
750,Slide Me Down,Smiley Lewis,I Hear You Knocking,02:55
751,Dirty People,Smiley Lewis,I Hear You Knocking,02:24
752,Baby Don’t Do It,Various artists,"Golden Doo Wop, Vol. 1",02:47
753,Jungle Hop,Don & Dewey,Jungle Hop (Remastered),02:10
754,A Little Love,Don & Dewey,Jungle Hop (Remastered),02:16
755,Hey Thelma,Don & Dewey,Jungle Hop (Remastered),02:58
756,Baby Gotta Party,Don & Dewey,Jungle Hop (Remastered),02:20
757,Miss Sue,Don & Dewey,Jungle Hop (Remastered),02:19
758,Good Morning (Take 4),Don & Dewey,Jungle Hop (Remastered),02:36
759,Leavin' It All Up To You,Don & Dewey,Jungle Hop (Remastered),02:12
760,Jelly Bean,Don & Dewey,Jungle Hop (Remastered),01:46
761,Sweet Talk (Take 13),Don & Dewey,Jungle Hop (Remastered),01:49
762,Farmer John (Take 1 - Slow Version),Don & Dewey,Jungle Hop (Remastered),02:12
763,Just A Little Lovin',Don & Dewey,Jungle Hop (Remastered),02:15
764,The Letter,Don & Dewey,Jungle Hop (Remastered),02:21
765,When The Sun Has Begun To Shine,Don & Dewey,Jungle Hop (Remastered),02:07
766,Bim Bam,Don & Dewey,Jungle Hop (Remastered),02:03
767,Day By Day (Take 3),Don & Dewey,Jungle Hop (Remastered),02:48
768,Koko Joe,Don & Dewey,Jungle Hop (Remastered),02:12
769,Justine,Don & Dewey,Jungle Hop (Remastered),02:44
770,Little Sally Walker,Don & Dewey,Jungle Hop (Remastered),02:31
771,Kill Me,Don & Dewey,Jungle Hop (Remastered),03:03
772,Big Boy Pete,Don & Dewey,Jungle Hop (Remastered),02:19
773,Farmer John,Don & Dewey,Jungle Hop (Remastered),02:29
774,Pink Champagne,Don & Dewey,Jungle Hop (Remastered),02:44
775,Jump Awhile,Don & Dewey,Jungle Hop (Remastered),02:21
776,Mammer-Jammer,Don & Dewey,Jungle Hop (Remastered),02:38
777,Get Your Hat,Don & Dewey,Jungle Hop (Remastered),02:33
778,Don't Mess With My Man,Various artists,"The Complete Ric & Ron Recordings, Vol. 6: Classic New Orleans R&B And More, 1958-1965",02:24
779,Set Me Free,Various artists,"The Complete Ric & Ron Recordings, Vol. 6: Classic New Orleans R&B And More, 1958-1965",02:33
780,Go To The Mardi Gras,Various artists,"The Complete Ric & Ron Recordings, Vol. 6: Classic New Orleans R&B And More, 1958-1965",02:56
781,Every Day Every Night,Various artists,"The Complete Ric & Ron Recordings, Vol. 6: Classic New Orleans R&B And More, 1958-1965",02:22
782,A Good Man,Various artists,"The Complete Ric & Ron Recordings, Vol. 6: Classic New Orleans R&B And More, 1958-1965",02:20
783,I May Be Wrong,Various artists,"The Complete Ric & Ron Recordings, Vol. 6: Classic New Orleans R&B And More, 1958-1965",02:27
784,Walkin',Various artists,"The Complete Ric & Ron Recordings, Vol. 6: Classic New Orleans R&B And More, 1958-1965",02:39
785,Across The Track,Various artists,"The Complete Ric & Ron Recordings, Vol. 6: Classic New Orleans R&B And More, 1958-1965",02:24
786,Love Letter,Various artists,"The Complete Ric & Ron Recordings, Vol. 6: Classic New Orleans R&B And More, 1958-1965",02:39
787,Ding Bats,Various artists,"The Complete Ric & Ron Recordings, Vol. 6: Classic New Orleans R&B And More, 1958-1965",02:15
788,The Blue Eagle (Part I),Various artists,"The Complete Ric & Ron Recordings, Vol. 6: Classic New Orleans R&B And More, 1958-1965",02:44
789,The Blue Eagle (Part II),Various artists,"The Complete Ric & Ron Recordings, Vol. 6: Classic New Orleans R&B And More, 1958-1965",02:49
790,Skin Tight Bathing Suit,Various artists,"The Complete Ric & Ron Recordings, Vol. 6: Classic New Orleans R&B And More, 1958-1965",02:11
791,My Buddy's Got My Baby,Various artists,"The Complete Ric & Ron Recordings, Vol. 6: Classic New Orleans R&B And More, 1958-1965",02:41
792,Life Is Just A Struggle,Various artists,"The Complete Ric & Ron Recordings, Vol. 6: Classic New Orleans R&B And More, 1958-1965",02:45
793,Rocket To The Moon,Various artists,"The Complete Ric & Ron Recordings, Vol. 6: Classic New Orleans R&B And More, 1958-1965",02:22
794,Nobody Knows,Various artists,"The Complete Ric & Ron Recordings, Vol. 6: Classic New Orleans R&B And More, 1958-1965",01:57
795,I'm Through Crying,Various artists,"The Complete Ric & Ron Recordings, Vol. 6: Classic New Orleans R&B And More, 1958-1965",02:43
796,Send Me Your Picture,Various artists,"The Complete Ric & Ron Recordings, Vol. 6: Classic New Orleans R&B And More, 1958-1965",02:43
797,You're Doing Me Wrong,Various artists,"The Complete Ric & Ron Recordings, Vol. 6: Classic New Orleans R&B And More, 1958-1965",02:40
798,Lucky Lips,Ruth Brown,Ruth Brown Her Greatest Hits,02:08
799,Daddy Daddy,Ruth Brown,Ruth Brown Her Greatest Hits,02:56
800,I Gotta Have You,Ruth Brown,Ruth Brown Her Greatest Hits,02:17
801,Teardrops From My Eyes,Ruth Brown,Ruth Brown Her Greatest Hits,03:00
802,This Little Girl's Gone Rockin',Ruth Brown,Ruth Brown Her Greatest Hits,01:48
803,5- 10- 15 Hours,Ruth Brown,Ruth Brown Her Greatest Hits,03:12
804,Mama He Treats Your Daughter Mean,Ruth Brown,Ruth Brown Her Greatest Hits,02:58
805,Wild Wild Young Men,Ruth Brown,Ruth Brown Her Greatest Hits,02:31
806,Mend Your Ways,Ruth Brown,Ruth Brown Her Greatest Hits,02:49
807,Oh What A Dream,Ruth Brown,Ruth Brown Her Greatest Hits,02:54
808,Mambo Baby,Ruth Brown,Ruth Brown Her Greatest Hits,02:43
809,I Can See Everybody's Baby,Ruth Brown,Ruth Brown Her Greatest Hits,03:00
810,As Long As I'm Moving,Ruth Brown,Ruth Brown Her Greatest Hits,02:43
811,It's Love Baby 24 Hours Of The Day,Ruth Brown,Ruth Brown Her Greatest Hits,02:42
812,Love Has Joined Us Together,Ruth Brown,Ruth Brown Her Greatest Hits,02:57
813,I Want To Do More,Ruth Brown,Ruth Brown Her Greatest Hits,02:52
814,Sweet Baby Of Mine,Ruth Brown,Ruth Brown Her Greatest Hits,02:33
815,I Know,Ruth Brown,Ruth Brown Her Greatest Hits,02:49
816,Shine On Bright Moon Shine On,Ruth Brown,Ruth Brown Her Greatest Hits,02:55
817,I Don't Know,Ruth Brown,Ruth Brown Her Greatest Hits,02:53
818,So Long,Ruth Brown,Ruth Brown Her Greatest Hits,02:40
819,I'll Get Along Somehow,Ruth Brown,Ruth Brown Her Greatest Hits,02:39
820,Bye Bye Young Men,Ruth Brown,Ruth Brown Her Greatest Hits,02:43
821,I'll Wait For You,Ruth Brown,Ruth Brown Her Greatest Hits,02:37
822,One More Time,Ruth Brown,Ruth Brown Her Greatest Hits,02:38
823,"Please, Please, Please",James Brown,"Please, Please, Please",02:46
824,Chonnie-On-Chon,James Brown,"Please, Please, Please",02:13
825,Hold My Baby's Hand,James Brown,"Please, Please, Please",02:14
826,I Feel That Old Feeling Coming On,James Brown,"Please, Please, Please",02:35
827,Just Won't Do Right,James Brown,"Please, Please, Please",02:36
828,Baby Cries Over The Ocean,James Brown,"Please, Please, Please",02:37
829,I Don't Know,James Brown,"Please, Please, Please",02:48
830,Tell Me What I Did Wrong,James Brown,"Please, Please, Please",02:24
831,Try Me,James Brown,"Please, Please, Please",02:33
832,That Dood It,James Brown,"Please, Please, Please",02:28
833,Begging Begging,James Brown,"Please, Please, Please",02:54
834,I Walked Alone,James Brown,"Please, Please, Please",02:44
835,No No No No,James Brown,"Please, Please, Please",02:15
836,That's When I Lost My Heart,James Brown,"Please, Please, Please",02:51
837,Let's Make It,James Brown,"Please, Please, Please",02:28
838,Love Or A Game,James Brown,"Please, Please, Please",02:15
839,Voodoo Voodoo,LaVern Baker,Voodoo Voodoo,01:47
840,Then I'll Believe,Various artists,"The Complete Ric & Ron Recordings, Vol. 7: Classic New Orleans R&B And More, 1958-1965",02:17
841,Shoestring Twist,Various artists,"The Complete Ric & Ron Recordings, Vol. 4: Classic New Orleans R&B And More, 1958-1965",02:07
842,All About My Girl,Jimmy McGriff,Greatest Hits,03:56
843,I've Got a Woman (Parts 1 & 2),Jimmy McGriff,Greatest Hits,04:33
844,Discotheque U.S.A.,Jimmy McGriff,Greatest Hits,03:24
845,Kiko,Jimmy McGriff,Greatest Hits,02:44
846,See See Rider,Jimmy McGriff,Greatest Hits,04:23
847,Cash Box,Jimmy McGriff,Greatest Hits,03:41
848,Gospel Time,Jimmy McGriff,Greatest Hits,05:37
849,Where It's At (Live),Jimmy McGriff,Greatest Hits,04:45
850,The Last Minute,Jimmy McGriff,Greatest Hits,04:17
851,Blue Juice,Jimmy McGriff,Greatest Hits,05:00
852,Step One,Jimmy McGriff,Greatest Hits,03:36
853,Chris Cross,Jimmy McGriff,Greatest Hits,03:45
854,South Wes,Jimmy McGriff,Greatest Hits,03:35
855,Black Pearl (Live At The Golden Slipper),Jimmy McGriff,Greatest Hits,03:35
856,The Worm,Jimmy McGriff,Greatest Hits,03:20
857,Ain't It Funky Now,Jimmy McGriff,Greatest Hits,03:38
858,Fat Cakes,Jimmy McGriff,Greatest Hits,03:19
859,My Pretty Baby (Web 1106),Various artists,R&B Humdingers Volume 13 (compiled by Mark Lamarr),01:58
860,"All Day, All Night (Goldband 1110)",Various artists,R&B Humdingers Volume 13 (compiled by Mark Lamarr),02:19
861,I've Got News for You (Vee Jay 179),Various artists,R&B Humdingers Volume 13 (compiled by Mark Lamarr),02:55
862,Cruised (Mercury 71857),Various artists,R&B Humdingers Volume 13 (compiled by Mark Lamarr),02:03
863,Let's Do It (The Chicken Scratch) [Mercury 71516],Various artists,R&B Humdingers Volume 13 (compiled by Mark Lamarr),02:42
864,Hurry Back Good News (Peacock),Various artists,R&B Humdingers Volume 13 (compiled by Mark Lamarr),02:44
865,Nit Wit (Bea & Baby 102),Various artists,R&B Humdingers Volume 13 (compiled by Mark Lamarr),01:59
866,Arabian Blues (Zil 9004),Various artists,R&B Humdingers Volume 13 (compiled by Mark Lamarr),02:42
867,The Contest (Rca 7923),Various artists,R&B Humdingers Volume 13 (compiled by Mark Lamarr),02:23
868,Got Plenty Troubles (Zil 9005),Various artists,R&B Humdingers Volume 13 (compiled by Mark Lamarr),02:20
869,Letter Came This Morning (Arrow 724),Various artists,R&B Humdingers Volume 13 (compiled by Mark Lamarr),02:04
870,Right from Wrong (Peacock 1671),Various artists,R&B Humdingers Volume 13 (compiled by Mark Lamarr),02:36
871,Yours Truly (Imperial 45),Various artists,R&B Humdingers Volume 13 (compiled by Mark Lamarr),02:09
872,The Stomp (Mercury 72286),Various artists,R&B Humdingers Volume 13 (compiled by Mark Lamarr),02:31
873,You're so Good Looking (Jin 112),Various artists,R&B Humdingers Volume 13 (compiled by Mark Lamarr),02:35
874,Fuji Womma (Ruthie 101),Various artists,R&B Humdingers Volume 13 (compiled by Mark Lamarr),01:50
875,Let's Rock (Let's Surf Awhile) [King],Various artists,R&B Humdingers Volume 13 (compiled by Mark Lamarr),02:08
876,Blind Boy (Drexel 910),Various artists,R&B Humdingers Volume 13 (compiled by Mark Lamarr),02:39
877,Hackensack (Alton 400),Various artists,R&B Humdingers Volume 13 (compiled by Mark Lamarr),02:09
878,Hey Juanita (Blues Boy Kingdom 106),Various artists,R&B Humdingers Volume 13 (compiled by Mark Lamarr),02:33
879,Big Time Spender Pt. 1&2 (Maske 102),Various artists,R&B Humdingers Volume 13 (compiled by Mark Lamarr),05:38
880,Shrewsbury Blues,Tommy Ridgley,The Tommy Ridgley Collection 1949-61,03:00
881,Early Dawn Boogie,Tommy Ridgley,The Tommy Ridgley Collection 1949-61,02:16
882,Boogie Woogie Mama,Tommy Ridgley,The Tommy Ridgley Collection 1949-61,02:40
883,Lonely Man Blues,Tommy Ridgley,The Tommy Ridgley Collection 1949-61,02:35
884,Tra La La (A),Tommy Ridgley,The Tommy Ridgley Collection 1949-61,02:30
885,Anything But Love,Tommy Ridgley,The Tommy Ridgley Collection 1949-61,02:41
886,Once in a Lifetime,Tommy Ridgley,The Tommy Ridgley Collection 1949-61,02:38
887,Come Home Baby,Tommy Ridgley,The Tommy Ridgley Collection 1949-61,02:30
888,Tra La La (B),Tommy Ridgley,The Tommy Ridgley Collection 1949-61,02:32
889,Lawdy Lawdy Lawd Part 1,Tommy Ridgley,The Tommy Ridgley Collection 1949-61,02:29
890,Lawdy Lawdy Lawd Part 2,Tommy Ridgley,The Tommy Ridgley Collection 1949-61,02:40
891,Got You On My Mind,Tommy Ridgley,The Tommy Ridgley Collection 1949-61,01:46
892,Booted,Tommy Ridgley,The Tommy Ridgley Collection 1949-61,01:46
893,Lavinia,Tommy Ridgley,The Tommy Ridgley Collection 1949-61,02:44
894,I Live My Life,Tommy Ridgley,The Tommy Ridgley Collection 1949-61,02:27
895,Looped,Tommy Ridgley,The Tommy Ridgley Collection 1949-61,02:21
896,Junie Mae,Tommy Ridgley,The Tommy Ridgley Collection 1949-61,02:23
897,Monkey Man,Tommy Ridgley,The Tommy Ridgley Collection 1949-61,02:17
898,Nobody Cares,Tommy Ridgley,The Tommy Ridgley Collection 1949-61,02:15
899,Good Times,Tommy Ridgley,The Tommy Ridgley Collection 1949-61,02:20
900,A Day Is Coming,Tommy Ridgley,The Tommy Ridgley Collection 1949-61,02:07
901,Ooh Lawdy My Baby,Tommy Ridgley,The Tommy Ridgley Collection 1949-61,02:49
902,I'm Gonna Cross That River,Tommy Ridgley,The Tommy Ridgley Collection 1949-61,02:59
903,Wish I Had Never,Tommy Ridgley,The Tommy Ridgley Collection 1949-61,02:50
904,Jam Up Twist,Tommy Ridgley,The Tommy Ridgley Collection 1949-61,02:47
905,When I Meet My Girl,Tommy Ridgley,The Tommy Ridgley Collection 1949-61,02:08
906,What'cha Gonna Do,Tommy Ridgley,The Tommy Ridgley Collection 1949-61,02:05
907,Woncha Gone,Tommy Ridgley,The Tommy Ridgley Collection 1949-61,02:06
908,Baby Do Little,Tommy Ridgley,The Tommy Ridgley Collection 1949-61,02:14
909,Baby Do Little (Alternate Take),Tommy Ridgley,The Tommy Ridgley Collection 1949-61,02:11
910,Alone But Not Lonely,Tommy Ridgley,The Tommy Ridgley Collection 1949-61,02:06
911,Just a Memory,Tommy Ridgley,The Tommy Ridgley Collection 1949-61,02:01
912,Come Back Baby,Tommy Ridgley,The Tommy Ridgley Collection 1949-61,02:04
913,Mairzy Doats and Dozy Doats,Tommy Ridgley,The Tommy Ridgley Collection 1949-61,02:19
914,I've Heard That Story Before,Tommy Ridgley,The Tommy Ridgley Collection 1949-61,02:41
915,I'll Be True,Tommy Ridgley,The Tommy Ridgley Collection 1949-61,02:03
916,The Girl Across the Street,Tommy Ridgley,The Tommy Ridgley Collection 1949-61,02:20
917,Tina,Tommy Ridgley,The Tommy Ridgley Collection 1949-61,01:53
918,How I Feel,Tommy Ridgley,The Tommy Ridgley Collection 1949-61,02:03
919,Memory Melody (Instrumental),Tommy Ridgley,The Tommy Ridgley Collection 1949-61,02:02
920,Real Gone Jam (Instrumental),Tommy Ridgley,The Tommy Ridgley Collection 1949-61,02:17
921,Ding Dong School,Tommy Ridgley,The Tommy Ridgley Collection 1949-61,02:27
922,I've Got My Eyes On You,Tommy Ridgley,The Tommy Ridgley Collection 1949-61,02:29
923,Lonely Tune (Instrumental),Tommy Ridgley,The Tommy Ridgley Collection 1949-61,02:07
924,Is It True,Tommy Ridgley,The Tommy Ridgley Collection 1949-61,02:12
925,Let's Try and Talk It Over,Tommy Ridgley,The Tommy Ridgley Collection 1949-61,02:36
926,Do You Remember,Tommy Ridgley,The Tommy Ridgley Collection 1949-61,02:17
927,Please Hurry Home,Tommy Ridgley,The Tommy Ridgley Collection 1949-61,02:46
928,Should I Ever Love Again,Tommy Ridgley,The Tommy Ridgley Collection 1949-61,02:24
929,Double Eyed Whammy,Tommy Ridgley,The Tommy Ridgley Collection 1949-61,02:27
930,Three Times,Tommy Ridgley,The Tommy Ridgley Collection 1949-61,02:20
931,The Only Girl for Me,Tommy Ridgley,The Tommy Ridgley Collection 1949-61,02:25
932,In the Same Old Way,Tommy Ridgley,The Tommy Ridgley Collection 1949-61,02:52
933,The Girl from Kookamonga,Tommy Ridgley,The Tommy Ridgley Collection 1949-61,02:51
934,Soul On Fire,LaVern Baker,Soul On Fire: Thes Best Of LaVerne Baker (US Release),03:05
935,Tomorrow Night,LaVern Baker,Soul On Fire: Thes Best Of LaVerne Baker (US Release),03:15
936,Tweedle Dee,LaVern Baker,Soul On Fire: Thes Best Of LaVerne Baker (US Release),03:06
937,That's All I Need,LaVern Baker,Soul On Fire: Thes Best Of LaVerne Baker (US Release),02:35
938,Bop-Ting-A-Ling,LaVern Baker,Soul On Fire: Thes Best Of LaVerne Baker (US Release),03:05
939,Play It Fair,LaVern Baker,Soul On Fire: Thes Best Of LaVerne Baker (US Release),02:56
940,Jim Dandy,LaVern Baker,Soul On Fire: Thes Best Of LaVerne Baker (US Release),02:10
941,My Happiness Forever,LaVern Baker,Soul On Fire: Thes Best Of LaVerne Baker (US Release),02:47
942,"Get Up, Get Up [You Sleepy Head]",LaVern Baker,Soul On Fire: Thes Best Of LaVerne Baker (US Release),02:21
943,Still,LaVern Baker,Soul On Fire: Thes Best Of LaVerne Baker (US Release),02:24
944,I Can't Love You Enough,LaVern Baker,Soul On Fire: Thes Best Of LaVerne Baker (US Release),02:39
945,Jim Dandy Got Married,LaVern Baker,Soul On Fire: Thes Best Of LaVerne Baker (US Release),02:11
946,I Cried A Tear,LaVern Baker,Soul On Fire: Thes Best Of LaVerne Baker (US Release),02:35
947,Whipper Snapper,LaVern Baker,Soul On Fire: Thes Best Of LaVerne Baker (US Release),02:12
948,I Waited Too Long,LaVern Baker,Soul On Fire: Thes Best Of LaVerne Baker (US Release),02:32
949,Shake A Hand,LaVern Baker,Soul On Fire: Thes Best Of LaVerne Baker (US Release),02:48
950,How Often,LaVern Baker,Soul On Fire: Thes Best Of LaVerne Baker (US Release),02:38
951,You Said,LaVern Baker,Soul On Fire: Thes Best Of LaVerne Baker (US Release),02:17
952,Saved,LaVern Baker,Soul On Fire: Thes Best Of LaVerne Baker (US Release),02:54
953,See See Rider,LaVern Baker,Soul On Fire: Thes Best Of LaVerne Baker (US Release),02:29
954,Watermelon Time,Marcia Ball,"Peace, Love & BBQ",04:04
955,Big Boy,Bill Doggett,Masters Of The Last Century: Best of Bill Doggett,03:10
956,Big Boy,Various artists,Old King Gold Volume 6,02:13
957,Swooshy,Freddy King,Let's Dance Away And Hide Away,02:19
958,Jump Children,Various artists,Jump Blue: Rockin' The Jukes,02:24
959,King Kong,Various artists,Jump Blue: Rockin' The Jukes,02:04
960,Hucklebuck With Jimmy,Various artists,Jump Blue: Rockin' The Jukes,02:22
961,Flying Home (Part 1),Various artists,Jump Blue: Rockin' The Jukes,02:49
962,Deacon Rides Again,Various artists,Jump Blue: Rockin' The Jukes,02:47
963,Safronia B,Various artists,Jump Blue: Rockin' The Jukes,02:24
964,Messy Bessy,Various artists,Jump Blue: Rockin' The Jukes,02:42
965,I Ain't Drunk,Various artists,Jump Blue: Rockin' The Jukes,02:26
966,Fine Brown Frame,Various artists,Jump Blue: Rockin' The Jukes,02:56
967,See See Rider,Various artists,Jump Blue: Rockin' The Jukes,02:54
968,He May Be Your Man,Various artists,Jump Blue: Rockin' The Jukes,02:58
969,Yes It's You,Various artists,Jump Blue: Rockin' The Jukes,02:15
970,Daybreak,Various artists,Jump Blue: Rockin' The Jukes,02:43
971,When I'm In My Tea,Various artists,Jump Blue: Rockin' The Jukes,03:14
972,I Got Loaded,Various artists,Jump Blue: Rockin' The Jukes,02:28
973,A Fool In Love,Various artists,Jump Blue: Rockin' The Jukes,02:53
974,Sax Shack Boogie,Various artists,Jump Blue: Rockin' The Jukes,02:51
975,Cleo's Boogie,Various artists,Jump Blue: Rockin' The Jukes,02:44
976,Great Big Eyes (Those Little Reds) (1996 Digital Remaster),Various artists,Jump Blue: Rockin' The Jukes,02:32
977,Let The Four Winds Blow,Various artists,Jump Blue: Rockin' The Jukes,02:03
978,Teenage Baby,Various artists,Jump Blue: Rockin' The Jukes,02:03
979,Don't Leave Me Baby,Various artists,Jump Blue: Rockin' The Jukes,03:02
980,"Wine, Wine, Wine",Various artists,Jump Blue: Rockin' The Jukes,02:44
981,Let The Good Times Roll (1988 - Remaster),Various artists,Jump Blue: Rockin' The Jukes,02:25
982,"I Need You, I Want You",Various artists,Jump Blue: Rockin' The Jukes,02:42
983,Jumpin' Tonight (Midnight Rockin') (1994 Digital Remaster),Various artists,Jump Blue: Rockin' The Jukes,02:21
984,Jump Jack Jump,Wynona Carr,Jump Jack Jump! (Remastered),02:16
985,'Til The Well Runs Dry,Wynona Carr,Jump Jack Jump! (Remastered),02:04
986,Boppity Bop (Boogity Boog),Wynona Carr,Jump Jack Jump! (Remastered),02:27
987,Should I Ever Love Again?,Wynona Carr,Jump Jack Jump! (Remastered),02:37
988,I'm Mad At You,Wynona Carr,Jump Jack Jump! (Remastered),02:08
989,Old Fashioned Love,Wynona Carr,Jump Jack Jump! (Remastered),02:09
990,Hurt Me,Wynona Carr,Jump Jack Jump! (Remastered),02:18
991,It's Raining Outside,Wynona Carr,Jump Jack Jump! (Remastered),02:06
992,Nursery Rhyme Rock,Wynona Carr,Jump Jack Jump! (Remastered),01:56
993,Ding Dong Daddy,Wynona Carr,Jump Jack Jump! (Remastered),02:08
994,"Someday, Somewhere, Somehow",Wynona Carr,Jump Jack Jump! (Remastered),02:41
995,Act Right,Wynona Carr,Jump Jack Jump! (Remastered),02:41
996,What Do You Know (About Love),Wynona Carr,Jump Jack Jump! (Remastered),02:47
997,Now That I'm Free,Wynona Carr,Jump Jack Jump! (Remastered),02:38
998,Heartbreak Melody,Wynona Carr,Jump Jack Jump! (Remastered),02:50
999,Please Mr. Jailer,Wynona Carr,Jump Jack Jump! (Remastered),03:01
1000,Weather Man,Wynona Carr,Jump Jack Jump! (Remastered),02:35
1001,If These Walls Could Speak,Wynona Carr,Jump Jack Jump! (Remastered),02:56
1002,Touch And Go,Wynona Carr,Jump Jack Jump! (Remastered),02:13
1003,If I Pray,Wynona Carr,Jump Jack Jump! (Remastered),02:26
1004,Finders Keepers,Wynona Carr,Jump Jack Jump! (Remastered),01:54
1005,The Things You Do To Me,Wynona Carr,Jump Jack Jump! (Remastered),02:32
1006,How Many Times?,Wynona Carr,Jump Jack Jump! (Remastered),02:17
1007,Give Me Your Hand To Hold,Wynona Carr,Jump Jack Jump! (Remastered),02:18
1008,Waitin' on My Sweetie Pie,Nrbq,Brass Tacks,02:55
1009,Greetings from Delaware,Nrbq,Brass Tacks,03:32
1010,Sit in My Lap,Nrbq,Brass Tacks,02:40
1011,Fightin' Back,Nrbq,Brass Tacks,03:31
1012,It'll Be Alright,Nrbq,Brass Tacks,02:36
1013,This Flat Tire,Nrbq,Brass Tacks,04:41
1014,I'd Like to Know,Nrbq,Brass Tacks,02:06
1015,Places Far Away,Nrbq,Brass Tacks,04:39
1016,Can't Wait to Kiss You,Nrbq,Brass Tacks,01:48
1017,I'm Not Here,Nrbq,Brass Tacks,03:38
1018,Getting to Know You,Nrbq,Brass Tacks,02:05
1019,Love This Love We Got,Nrbq,Brass Tacks,02:49
1020,When I Get Drunk,Mike Henderson & The Bluebloods,First Blood,05:55
1021,So Sad To Be Lonesome,Mike Henderson & The Bluebloods,First Blood,04:19
1022,Hip Shakin',Mike Henderson & The Bluebloods,First Blood,04:05
1023,Pony Blues,Mike Henderson & The Bluebloods,First Blood,05:46
1024,Bloody Murder,Mike Henderson & The Bluebloods,First Blood,05:04
1025,Pay Bo Diddley,Mike Henderson & The Bluebloods,First Blood,05:09
1026,When The Welfare Turns Its Back On You,Mike Henderson & The Bluebloods,First Blood,04:56
1027,Give Me Back My Wig,Mike Henderson & The Bluebloods,First Blood,04:17
1028,How Many More Years,Mike Henderson & The Bluebloods,First Blood,04:45
1029,Mean Mistreater,Mike Henderson & The Bluebloods,First Blood,04:27
1030,The March,The Sig Millonzi Trio,Three Times Over,05:25
1031,Skating In Central Park,The Sig Millonzi Trio,Three Times Over,04:18
1032,Over The Rainbow,The Sig Millonzi Trio,Three Times Over,04:40
1033,The Humanoids Are Coming,The Sig Millonzi Trio,Three Times Over,05:05
1034,Along Came Betty,The Sig Millonzi Trio,Three Times Over,07:23
1035,Stacey,The Sig Millonzi Trio,Three Times Over,03:13
1036,Solar Prominence,The Sig Millonzi Trio,Three Times Over,09:01
1037,Dual Force,Various Artists,Live On Tour,07:48
1038,Beautiful Friendship,Various Artists,Live On Tour,10:15
1039,Scratch,Various Artists,Live On Tour,07:56
1040,Tayamisha,Various Artists,Live On Tour,05:22
1041,Spiral,Various Artists,Live On Tour,11:06
1042,Will You Needn't,Various Artists,Live On Tour,08:40
1043,Norwegian Wood (This Bird Has Flown),Buddy Rich,Big Swing Face,03:42
1044,Big Swing Face (Remixed),Buddy Rich,Big Swing Face,05:34
1045,Monitor Theme (Remixed),Buddy Rich,Big Swing Face,02:44
1046,Wack Wack (Live) (Remix),Buddy Rich,Big Swing Face,03:16
1047,Love For Sale (Live) (Remix),Buddy Rich,Big Swing Face,04:51
1048,Mexicali Nose (Live),Buddy Rich,Big Swing Face,02:52
1049,Willowcrest (Remix),Buddy Rich,Big Swing Face,04:16
1050,The Beat Goes On (Live) (Remix),Buddy Rich,Big Swing Face,05:40
1051,Bugle Call Rag (Live) (Remix),Buddy Rich,Big Swing Face,05:06
1052,Standing Up In A Hammock,Buddy Rich,Big Swing Face,02:38
1053,Chicago (Live),Buddy Rich,Big Swing Face,02:58
1054,Lament For Lester (Live),Buddy Rich,Big Swing Face,02:33
1055,Silver Threads Among The Blues,Buddy Rich,Big Swing Face,04:44
1056,New Blues,Buddy Rich,Big Swing Face,04:40
1057,Loose,Buddy Rich,Big Swing Face,04:07
1058,Apples (Aka Gino) (Live),Buddy Rich,Big Swing Face,02:43
1059,Relaxin' At Camarillo,Tommy Flanagan,The Complete Overseas Session (Bonus Track Version),03:21
1060,Chelsea Bridge (Take 3 - Master),Tommy Flanagan,The Complete Overseas Session (Bonus Track Version),03:45
1061,Eclypso,Tommy Flanagan,The Complete Overseas Session (Bonus Track Version),06:00
1062,Beat's Up,Tommy Flanagan,The Complete Overseas Session (Bonus Track Version),04:20
1063,Skal Brothers,Tommy Flanagan,The Complete Overseas Session (Bonus Track Version),02:30
1064,Little Rock,Tommy Flanagan,The Complete Overseas Session (Bonus Track Version),07:07
1065,Verdandi (Take 1 - Master),Tommy Flanagan,The Complete Overseas Session (Bonus Track Version),02:14
1066,Delarna (Take 3 - Master),Tommy Flanagan,The Complete Overseas Session (Bonus Track Version),04:43
1067,Willow Weep for Me (Take 2 - Master),Tommy Flanagan,The Complete Overseas Session (Bonus Track Version),06:27
1068,Chelsea Bridge (Take 1 - Alternate),Tommy Flanagan,The Complete Overseas Session (Bonus Track Version),03:47
1069,Chelsea Bridge (Take 2 - Alternate),Tommy Flanagan,The Complete Overseas Session (Bonus Track Version),03:46
1070,Verdandi (Take 2 - Alternate),Tommy Flanagan,The Complete Overseas Session (Bonus Track Version),02:08
1071,Delarna (Take 1 - Alternate),Tommy Flanagan,The Complete Overseas Session (Bonus Track Version),04:40
1072,Delarna (Take 2 - Alternate),Tommy Flanagan,The Complete Overseas Session (Bonus Track Version),04:34
1073,Willow Weep for Me (Take 1 - Alternate),Tommy Flanagan,The Complete Overseas Session (Bonus Track Version),05:53
1074,So Sorry Please (Bonus Track),Tommy Flanagan,The Complete Overseas Session (Bonus Track Version),04:15
1075,How Long Has This Been Going On? (Bonus Track),Tommy Flanagan,The Complete Overseas Session (Bonus Track Version),05:58
1076,Temperance,Wynton Kelly,Kelly At Midnight,07:32
1077,Weird Lullabye,Wynton Kelly,Kelly At Midnight,07:14
1078,On Stage,Wynton Kelly,Kelly At Midnight,05:14
1079,Skatin',Wynton Kelly,Kelly At Midnight,05:49
1080,Pot Luck,Wynton Kelly,Kelly At Midnight,06:49
1081,"Four Brothers (Live At The Monterey Jazz Festival, 1959)",Woody Herman And His Orchestra,Big New Herd At The Monterey Jazz Festival [Live],03:33
1082,"Like Some Blues Man (Live At The Monterey Jazz Festival, 1959)",Woody Herman And His Orchestra,Big New Herd At The Monterey Jazz Festival [Live],10:04
1083,"Skoobeedoobee (Live At The Monterey Jazz Festival, 1959)",Woody Herman And His Orchestra,Big New Herd At The Monterey Jazz Festival [Live],04:30
1084,"Monterey Apple Tree (Live At The Monterey Jazz Festival, 1959)",Woody Herman And His Orchestra,Big New Herd At The Monterey Jazz Festival [Live],10:33
1085,"Skylark (Live At The Monterey Jazz Festival, 1959)",Woody Herman And His Orchestra,Big New Herd At The Monterey Jazz Festival [Live],04:19
1086,"The Magpie (Live At The Monterey Jazz Festival, 1959)",Woody Herman And His Orchestra,Big New Herd At The Monterey Jazz Festival [Live],02:38
1087,Dedication (1994 Digital Remaster),Thad Jones,Consummation,05:12
1088,It Only Happens Every Time (1994 Digital Remaster),Thad Jones,Consummation,03:04
1089,Tiptoe (1994 Digital Remaster),Thad Jones,Consummation,06:39
1090,A Child Is Born (1994 Digital Remaster),Thad Jones,Consummation,04:06
1091,Us (1994 Digital Remaster),Thad Jones,Consummation,03:34
1092,Ahunk Ahunk (1994 Digital Remaster),Thad Jones,Consummation,07:55
1093,Fingers (1994 Digital Remaster),Thad Jones,Consummation,10:36
1094,Consummation (1994 Digital Remaster),Thad Jones,Consummation,05:09
1095,Tow Away Zone (Live) [1994 - Remaster],Thad Jones And Mel Lewis,Central Park North,04:30
1096,Quietude (Live) [1994 - Remaster],Thad Jones And Mel Lewis,Central Park North,04:06
1097,Jive Samba (Live) [1994 - Remaster],Thad Jones And Mel Lewis,Central Park North,08:54
1098,The Groove Merchant (Live) [1994 - Remaster],Thad Jones And Mel Lewis,Central Park North,05:11
1099,Big Dipper (Live) [1994 - Remaster],Thad Jones And Mel Lewis,Central Park North,05:54
1100,Central Park North (Live) [1994 - Remaster],Thad Jones And Mel Lewis,Central Park North,09:15
1101,"Voi che sapete from The Marriage of Figaro, K.492",Mozart Effect,"Music for Children, Volume 2: Relax, Dream & Draw",03:11
1102,"Andante, Cassation in G Major, K. 63",Mozart Effect,"Music for Children, Volume 2: Relax, Dream & Draw",03:28
1103,"Andante, Symphony No. 6, K. 43",Mozart Effect,"Music for Children, Volume 2: Relax, Dream & Draw",04:02
1104,"Andantino grazioso, Symphony No. 18, K. 130",Mozart Effect,"Music for Children, Volume 2: Relax, Dream & Draw",05:51
1105,"Adagio, Gran Partita, Serenade No. 10, in B Flat Major, K. 361",Mozart Effect,"Music for Children, Volume 2: Relax, Dream & Draw",05:58
1106,"Concertante, Serenade No. 9 in D Major, K. 320",Mozart Effect,"Music for Children, Volume 2: Relax, Dream & Draw",08:36
1107,"Andante ma adagio, Bassoon Concerto, in B Flat Major, K. 191",Mozart Effect,"Music for Children, Volume 2: Relax, Dream & Draw",06:36
1108,"Adagio, Divertimento, in B flat Major, K. 287",Mozart Effect,"Music for Children, Volume 2: Relax, Dream & Draw",08:33